id,name,college,nickname,collection,theme,team,overall,def_overall,off_overall,position,secondary_position,height,weight,play1,play2,play3,play4,hz_under_basket,hz_close_left,hz_close_middle,hz_close_right,hz_mid_left,hz_mid_left_corner,hz_mid_center,hz_mid_right_corner,hz_mid_right,hz_3pt_left,hz_3pt_left_center,hz_3pt_center,hz_3pt_right_center,hz_3pt_right,shot_close,shot_mid,shot_3pt,shot_iq,free_throw,offensive_consistency,driving_layup,standing_dunk,driving_dunk,draw_foul,post_moves,post_hook,post_fade,hands,speed,acceleration,vertical,strength,stamina,hustle,overall_durability,speed_with_ball,ball_handle,passing_accuracy,passing_vision,passing_iq,interior_defense,perimeter_defense,help_defense_iq,lateral_quickness,pass_perception,steal,block,defensive_consistency,offensive_rebound,defensive_rebound,intangibles,potential,standing_dunk_t,driving_dunk_t,flashy_dunk_t,alley_oop_t,putback_dunk_t,crash_t,driving_layup_t,spin_layup_t,hop_step_layup_t,euro_step_layup_t,floater_t,step_through_shot_t,shot_under_basket_t,shot_close_t,shot_close_left_t,shot_close_middle_t,shot_close_right_t,shot_mid_t,spot_up_shot_mid_t,off_screen_shot_mid_t,shot_3pt_t,spot_up_shot_3pt_t,off_screen_shot_3pt_t,contested_jumper_mid_t,contested_jumper_3pt_t,stepback_jumper_mid_t,stepback_jumper_3pt_t,spin_jumper_t,transition_pull_up_3pt_t,drive_pull_up_3pt_t,drive_pull_up_mid_t,use_glass_t,triple_threat_pump_fake_t,triple_threat_jab_step_t,triple_threat_idle_t,triple_threat_shoot_t,setup_with_sizeup_t,setup_with_hesitation_t,no_setup_dribble_t,drive_t,spot_up_drive_t,off_screen_drive_t,drive_right_t,driving_crossover_t,driving_spin_t,driving_step_back_t,driving_half_spin_t,driving_double_crossover_t,driving_behind_the_back_t,driving_dribble_hesitation_t,driving_in_and_out_t,no_driving_dribble_move_t,attack_strong_on_drive_t,shoot_t,touches_t,roll_vs_pop_t,transition_spot_up_t,iso_vs_elite_defender_t,iso_vs_good_defender_t,iso_vs_average_defender_t,iso_vs_poor_defender_t,play_discipline_t,post_up_t,post_shimmy_shot_t,post_face_up_t,post_back_down_t,post_aggressive_backdown_t,shoot_from_post_t,post_hook_left_t,post_hook_right_t,post_fade_left_t,post_fade_right_t,post_up_and_under_t,post_hop_shot_t,post_step_back_shot_t,post_drive_t,post_spin_t,post_drop_step_t,post_hop_step_t,dish_to_open_man_t,flashy_pass_t,alley_oop_pass_t,pass_interception_t,take_charge_t,on_ball_steal_t,contest_shot_t,block_shot_t,foul_t,hard_foul_t,acrobat,backdown_punisher,consistent_finisher,contact_finisher,cross_key_scorer,deep_hooks,dropstepper,fancy_footwork,fastbreak_finisher,giant_slayer,lob_city_finisher,pick_and_roller,pro_touch,putback_boss,relentless_finisher,showtime,slithery_finisher,tear_dropper,catch_and_shoot,clutch_shooter,corner_specialist,deadeye,deep_fades,difficult_shots,flexible_release,green_machine,hot_start,hot_zone_hunter,ice_in_veins,pick_and_popper,pump_fake_maestro,quick_draw,range_extender,slippery_off_ball,steady_shooter,tireless_shooter,volume_shooter,ankle_breaker,bail_out,break_starter,dimer,downhill,dream_shake,flashy_passer,floor_general,handles_for_days,lob_city_passer,needle_threader,pass_fake_maestro,post_spin_technician,quick_first_step,space_creator,stop_and_go,tight_handles,unpluckable,box,brick_wall,chase_down_artist,clamps,defensive_leader,heart_crusher,interceptor,intimidator,lightning_reflexes,moving_truck,off_ball_pest,pick_dodger,pick_pocket,pogo_stick,post_move_lockdown,rebound_chaser,rim_protector,tireless_defender,trapper,worm,alpha_dog,enforcer,extremely_confident,expressive,high_work_ethic,legendary_work_ethic,pat_my_back,unpredictable,reserved,friendly,team_player,keep_it_real,laid_back,lower_base_a,upper_release_a,contested_a,free_throw_a,leaner_a,spin_jumper_a,hop_jumper_a,dribble_style_a,size-up_packages_a,moving_crossover_a,moving_behind_the_back_a,moving_spin_a,moving_hesitation_a,triple_threat_style_a,post_fade_a,post_hook_a,post_hop_shot_a,post_shimmy_fade_a,post_shimmy_hook_a,post_spin_shot_a,layup_package_a,go_to_dunk_a,dunk_pack_1,dunk_pack_2,dunk_pack_3,dunk_pack_4,dunk_pack_5,dunk_pack_6,dunk_pack_7,dunk_pack_8,dunk_pack_9,dunk_pack_10,dunk_pack_11,dunk_pack_12,dunk_pack_13,dunk_pack_14,dominant_hand,dominant_dunk_hand,date
8245,Arvydas Sabonis,Lithuania, ,Rewards,Collector Level Rewards,Portland Trail Blazers,99,99,93,C,PF,7'3",279,Isolation,Guard Post Up,P&R Ball Handler,None,Hot,Hot,Hot,Hot,Neutral,Hot,Hot,Hot,Hot,Hot,Hot,Neutral,Neutral,Hot,98,96,93,98,92,98,82,95,85,94,96,96,97,98,66,66,85,94,95,95,80,51,54,82,94,94,94,28,94,54,80,69,92,95,97,96,98,99,80,85,45,15,20,45,50,55,65,60,40,76,68,10,6,2,0,20,66,45,60,60,0,50,60,90,0,45,0,0,0,40,55,0,75,0,60,10,30,60,60,60,47,0,0,0,0,0,0,0,0,75,80,79,65,99,15,3,32,48,95,99,10,30,40,30,20,8,0,5,40,0,40,35,50,10,20,0,18,20,20,5,58,68,66,62,45,58,60,None,HOF,Gold,Gold,HOF,HOF,HOF,None,None,None,Gold,HOF,Gold,HOF,None,None,None,None,HOF,Gold,HOF,Gold,HOF,Gold,HOF,HOF,Gold,Gold,Gold,HOF,Gold,Gold,Gold,None,HOF,Gold,Gold,None,Gold,HOF,HOF,None,Gold,HOF,None,None,Gold,HOF,HOF,Gold,None,None,None,None,None,Gold,Gold,Silver,None,HOF,Gold,None,HOF,None,Gold,None,None,None,None,HOF,None,HOF,Gold,None,Gold,Yes,None,None,None,Yes,None,None,None,None,None,None,None,Yes,Set Shot 8,Release 102,Normal,Free Throw 37,Normal,Normal 4,Normal 10,Base,Normal 1,Basic 1,Basic 2,Basic 3,Basic 1,Normal 7,Fade 3,Hook 3,Post Hop Shot 8,Shimmy Fade 1,Shimmy Hook 2,Small,Default Swing,Rim Grazers off one,Basic Two handers off one,Basic Hangs off two,Basic One handers off one,None,None,None,None,None,None,None,None,None,None,None,Right,Right,05-12-2020
8246,Dwyane Wade,Marquette,D Wade,Rewards,Collector Level Rewards,Miami Heat,99,99,99,SG,PG,6'4",220,P&R Ball Handler,Guard Post Up,Isolation,None,Hot,Hot,Hot,Hot,Hot,Hot,Hot,Hot,Hot,Hot,Hot,Hot,Hot,Hot,99,99,98,99,99,99,99,90,99,99,99,90,99,99,99,99,99,90,99,99,85,99,99,99,99,99,95,99,99,99,99,99,99,99,95,95,99,99,40,100,100,95,55,96,55,70,85,95,65,96,30,35,4,4,5,65,88,63,15,10,42,65,76,40,4,50,5,5,11,70,20,40,20,25,35,35,30,95,95,95,54,70,45,80,45,50,25,75,30,99,80,80,99,0,0,3,31,46,92,3,36,20,15,15,5,29,0,5,10,10,13,10,10,15,5,0,5,73,55,40,92,70,84,78,63,42,76,HOF,None,HOF,HOF,HOF,None,None,HOF,HOF,HOF,HOF,None,HOF,HOF,HOF,HOF,HOF,HOF,HOF,HOF,HOF,HOF,Gold,HOF,HOF,HOF,HOF,HOF,HOF,None,HOF,HOF,HOF,HOF,None,HOF,HOF,HOF,Gold,HOF,HOF,HOF,None,HOF,HOF,HOF,HOF,HOF,HOF,HOF,HOF,HOF,HOF,HOF,HOF,None,None,HOF,HOF,HOF,HOF,HOF,HOF,HOF,None,HOF,HOF,HOF,HOF,None,None,None,HOF,HOF,None,Yes,None,Yes,None,None,Yes,None,None,None,Yes,None,Yes,Yes,Dwyane Wade,Dwyane Wade,Normal,Dwyane Wade,Athletic 6,Normal 6,Normal 7,Shifty,Pro 4,Pro 3,Pro 3,Pro 3,Pro 3,Normal 3,Fade 4,Hook 2,Post Hop Shot 10,Shimmy Fade 2,Shimmy Hook 2,Small,J. Harden,Athletic One handers off one,Side Arm Tomahawks,Cоck Back Tomahawks,Under Basket Athletic Flushes,Athletic Side Tomahawks,Uber Athletic Tomahawks off two,Front Clutches off two,Windmill Reverses,Switcheroos,Baseline Reverses off two,Windlmill Baseline Reverses,Windmills off one,Athletic Windmills,Athletic 360s,None,Right,Right,05-12-2020
8247,Anthony Davis,Kentucky,The Brow,Rewards,Collector Level Rewards,New Orleans Pelicans,99,99,99,PF,C,6'10",253,Post Up High,Post Up Low,P&R Roll Man,Cutter,Hot,Hot,Hot,Hot,Hot,Hot,Hot,Hot,Hot,Hot,Hot,Hot,Hot,Hot,99,99,97,99,99,99,99,99,99,99,99,99,99,99,97,97,99,99,99,99,80,90,90,95,90,95,99,90,99,90,99,99,99,99,99,99,99,99,75,100,100,65,80,15,55,30,25,5,15,70,81,65,3,4,2,35,55,45,20,30,25,45,5,50,0,5,0,0,15,35,95,95,0,35,10,15,0,50,45,50,75,0,5,0,0,0,0,0,0,99,75,85,99,75,0,35,35,55,75,10,35,15,50,15,0,80,36,35,41,24,35,25,55,40,35,0,0,25,5,10,59,64,52,95,65,78,50,HOF,HOF,HOF,HOF,HOF,HOF,HOF,HOF,HOF,None,HOF,HOF,HOF,HOF,HOF,HOF,None,None,HOF,HOF,HOF,HOF,HOF,HOF,HOF,HOF,HOF,HOF,HOF,HOF,HOF,Gold,HOF,HOF,None,HOF,HOF,None,HOF,HOF,Gold,Gold,HOF,Gold,Gold,None,Gold,None,None,HOF,HOF,None,None,None,None,HOF,HOF,HOF,HOF,HOF,HOF,HOF,HOF,HOF,HOF,HOF,HOF,HOF,HOF,HOF,HOF,HOF,HOF,HOF,HOF,Yes,None,None,None,None,None,None,None,None,None,None,None,None,Anthony Davis,Anthony Davis,Big,Anthony Davis,Normal,Normal 4,Normal 7,Slasher,Normal 2,Normal 4,Normal 4,Normal 4,Normal 1,Normal 8,Fade 7,Hook 3,Post Hop Shot 6,Shimmy Fade 15,Shimmy Hook 2,Small,Long Athlete,Basic Two handers off two,Under Basket Athletic Flushes,Uber Athletic Tomahawks off one,Big Man Baseline Reverses,Athletic Front Tomahawks,Athletic One handers off one,Cоck Back Tomahawks,Under Basket Rim Pulls,Straight Arm Tomahawks,Baseline Reverses off one,Back Scratchers off two,Back Scratching Rim Hangs,Uber Athletic Tomahawks off two,Side Windmills,Baseline Clutch Reverses,Right,Right,05-12-2020
9149,Magic Johnson,Michigan State,Magic,Rewards,Career Highlights,Los Angeles Lakers,96,99,93,PG,SG,6'9",220,Guard Post Up,P&R Ball Handler,Isolation,Cutter,Hot,Hot,Hot,Hot,Hot,Hot,Hot,Hot,Hot,Neutral,Neutral,Neutral,Neutral,Neutral,94,88,78,98,90,98,94,65,80,88,91,96,75,98,88,88,70,86,97,97,99,88,94,98,96,98,80,90,94,83,98,75,74,95,86,88,50,98,50,95,90,5,43,5,50,75,86,87,84,80,36,30,4,2,3,55,55,45,30,25,25,45,30,0,0,3,0,0,0,20,59,98,12,58,30,85,17,40,75,65,50,91,51,20,15,20,55,35,40,29,91,70,75,65,0,0,15,35,55,10,35,30,20,35,25,55,0,0,35,35,25,15,15,99,30,70,43,96,99,90,69,83,69,15,15,23,15,HOF,None,HOF,HOF,Gold,HOF,None,None,None,None,None,None,Gold,Gold,HOF,None,HOF,Gold,Gold,None,Gold,None,None,Gold,None,None,None,Gold,None,Gold,Gold,HOF,None,None,None,None,None,HOF,Gold,HOF,HOF,Gold,Gold,HOF,HOF,Gold,Gold,HOF,Gold,Gold,HOF,Gold,Gold,None,HOF,Gold,Gold,Gold,Gold,Gold,Gold,Gold,None,Gold,None,None,Gold,None,Gold,None,Gold,None,Gold,None,Gold,Yes,None,None,Yes,None,None,None,None,None,None,None,None,None,Magic Johnson,Magic Johnson,Normal,Free Throw 1,Normal 5,Normal 2,Normal 6,Slasher,Pro 5,Pro 7,Pro 3,Pro 7,Pro 7,Normal 5,Fade 6,Hook 1,Post Hop Shot 8,Shimmy Fade 1,Shimmy Hook 2,Small,Circus,Basic One handers off two,Basic One handers off one,Rim Grazers off one,Back Scratching Rim Hangs,Athletic One handers off two,Under Basket Athletic Flushes,None,None,None,None,None,None,None,None,None,Right,Right,05-12-2020
9146,Dave Cowens,Florida State, ,Rewards,Opal Rewards,Boston Celtics,99,99,99,C,PF,6'9",230,P&R Roll Man,Post Up Low,Post Up High,3 PT,Hot,Hot,Hot,Hot,Hot,Hot,Hot,Hot,Hot,Hot,Neutral,Neutral,Neutral,Hot,98,97,89,97,92,95,97,95,90,95,96,97,97,98,94,94,94,98,98,98,94,92,86,84,80,92,98,95,96,96,97,94,98,98,98,98,25,99,100,100,100,99,50,65,73,34,70,0,11,66,0,10,0,0,0,20,68,71,40,2,0,45,65,40,0,5,0,0,0,16,55,0,75,0,40,5,61,84,84,84,58,0,0,0,0,0,0,0,0,75,80,67,47,99,0,0,2,3,6,99,7,21,15,5,5,0,50,0,20,0,5,10,10,86,0,0,0,20,86,5,72,16,68,71,71,40,65,HOF,HOF,HOF,HOF,Gold,HOF,HOF,HOF,Gold,HOF,Gold,HOF,HOF,HOF,HOF,None,HOF,None,HOF,Gold,HOF,None,HOF,HOF,HOF,HOF,HOF,HOF,None,HOF,None,HOF,Gold,None,None,Gold,Gold,Gold,None,Gold,HOF,HOF,Gold,None,Gold,Gold,None,Gold,Gold,HOF,HOF,Gold,None,Gold,Gold,HOF,HOF,Gold,HOF,HOF,HOF,Gold,HOF,HOF,HOF,Gold,HOF,Gold,HOF,HOF,HOF,HOF,HOF,HOF,HOF,Yes,None,None,None,None,None,None,None,None,None,None,None,None,Lamarcus Aldridge,Release 37,Big,Free Throw 1,Normal,Normal 7,Normal 5,Slasher,Normal 1,Normal 1,Normal 1,Normal 1,Normal 1,Normal 5,Fade 7,Hook 3,Post Hop Shot 3,Shimmy Fade 2,Shimmy Hook 2,Small,Dominant Big,Uber Athletic Tomahawks off two,Clutch reverses off Two,Front Windmills,Side Windmills,Athletic Windmills,Athletic Front Tomahawks,Front Clutches off two,Back Scratchers off two,Baseline Clutch Reverses,Windlmill Baseline Reverses,Clutch Baseline Reverses,Athletic 360s,Under Basket Athletic Flushes,Under Basket Rim Pulls,Cоck Back Tomahawks,Left,Right,05-12-2020
9147,Louie Dampier,Kentucky, ,Rewards,Opal Rewards,San Antonio Spurs,99,99,99,PG,SG,6'0",170,P&R Ball Handler,3 PT,Isolation,Mid Range,Hot,Hot,Hot,Hot,Hot,Hot,Hot,Hot,Hot,Hot,Hot,Hot,Hot,Hot,90,94,97,98,93,98,96,30,70,94,51,50,60,98,98,98,94,70,98,97,95,98,96,97,97,97,60,95,95,97,92,95,60,95,54,55,25,99,0,80,0,30,15,25,65,65,80,99,70,81,36,45,29,44,27,70,78,47,95,85,42,30,30,95,3,40,2,4,10,20,5,25,30,40,40,30,30,90,90,90,48,40,45,50,25,35,25,35,25,80,75,99,100,0,55,3,27,41,82,2,0,0,0,0,0,0,0,10,30,0,0,0,0,0,0,0,0,84,45,25,76,35,78,64,47,42,30,HOF,None,HOF,HOF,None,None,None,HOF,None,HOF,None,None,HOF,None,HOF,None,HOF,HOF,HOF,HOF,HOF,HOF,None,HOF,HOF,HOF,HOF,HOF,Gold,None,Gold,HOF,HOF,HOF,None,HOF,HOF,HOF,Gold,Gold,HOF,HOF,None,Gold,HOF,HOF,Gold,HOF,Gold,None,HOF,HOF,HOF,HOF,HOF,None,None,None,HOF,Gold,Gold,HOF,HOF,HOF,None,Gold,HOF,HOF,Gold,None,None,None,HOF,HOF,None,Yes,None,Yes,Yes,None,None,Yes,None,Yes,None,None,None,None,Tony Parker,Lamarcus Aldridge,Normal,Free Throw 1,Normal,Normal 5,Normal 8,Quick,Pro 1,Pro 3,Pro 1,Pro 3,Pro 3,Normal 3,Fade 3,Hook 2,Post Hop Shot 10,Shimmy Fade 2,Shimmy Hook 2,Small,Circus,Athletic One handers off one,Basic Two handers off one,None,None,None,None,None,None,None,None,None,None,None,None,None,Right,Right,05-12-2020
9148,Corey Brewer,Florida, ,Rewards,Diamond Rewards,Minnesota Timberwolves,95,91,99,SF,SG,6'9",186,Hand Off,Cutter,3 PT,None,Hot,Hot,Hot,Hot,Neutral,Neutral,Hot,Hot,Neutral,Hot,Hot,Neutral,Hot,Hot,90,80,90,30,84,90,92,40,95,78,60,60,60,80,92,92,92,85,95,90,80,85,86,75,30,70,70,95,90,95,92,97,80,90,70,78,25,95,80,100,100,50,25,15,60,0,0,0,15,0,57,55,13,72,15,5,40,35,35,65,35,0,30,0,0,0,0,0,0,25,5,5,50,0,0,0,0,60,50,45,90,15,0,0,0,0,0,15,0,90,20,45,55,55,40,0,0,5,15,99,0,0,0,0,0,10,8,0,28,21,0,0,0,0,0,0,0,40,15,30,75,78,65,75,25,80,30,Gold,None,HOF,HOF,None,None,None,Gold,HOF,Gold,HOF,None,HOF,None,HOF,HOF,None,None,HOF,Gold,HOF,None,None,None,HOF,HOF,None,HOF,None,None,None,HOF,Gold,None,None,Gold,Gold,None,Gold,HOF,None,HOF,None,None,None,None,Gold,Gold,None,None,HOF,None,None,Gold,Gold,None,None,None,HOF,Gold,None,HOF,Gold,HOF,None,Gold,HOF,HOF,HOF,None,Gold,None,HOF,HOF,None,None,None,None,Yes,None,None,None,None,None,None,None,None,None,Jump Shot 18,Release 6,Normal,Free Throw 2,Normal,Normal 2,Normal 4,Slasher,Normal 3,Normal 1,Normal 3,Normal 1,Normal 1,Normal 5,Fade 3,Hook 3,Post Hop Shot 8,Shimmy Fade 2,Shimmy Hook 2,Small,Default Swing,Athletic One handers off one,Basic 360s,Athletic Side Tomahawks,Basic Two handers off one,Basic Two handers off two,Athletic One handers off two,Straight Arm Tomahawks,Front Clutches,Under Basket Athletic Flushes,None,None,None,None,None,None,Right,Right,05-12-2020
8151,Patrick Ewing,Georgetown, ,Rewards,Pink Diamond Token Rewards,New York Knicks,96,94,94,C,,7'0",240,Post Up Low,None,None,None,Hot,Hot,Hot,Hot,Hot,Neutral,Neutral,Neutral,Hot,Neutral,Neutral,Neutral,Neutral,Neutral,97,95,65,98,82,98,74,96,75,92,96,95,98,98,69,56,70,97,98,90,88,25,40,64,57,78,94,35,95,35,91,64,89,98,93,95,95,98,91,55,55,50,68,8,55,53,59,46,58,45,68,74,6,2,0,84,33,89,3,89,41,68,55,2,6,80,0,3,1,50,57,38,59,95,20,18,80,53,4,4,85,20,5,0,0,0,10,0,0,75,57,99,99,5,0,1,3,1,5,2,99,25,25,75,50,99,50,50,50,50,40,5,5,95,35,35,20,57,10,0,32,26,33,89,89,41,55,None,HOF,Gold,Gold,Gold,Gold,Gold,None,None,None,Gold,None,None,Gold,None,None,None,None,None,None,None,None,HOF,None,None,None,None,None,None,Gold,None,None,None,None,None,None,None,None,None,None,None,None,Gold,None,None,None,None,None,None,Gold,None,None,None,None,None,Gold,Gold,Silver,None,Gold,Gold,None,Gold,None,Gold,None,None,None,Gold,HOF,Gold,HOF,Gold,None,Gold,Yes,None,None,None,None,None,None,None,None,None,None,None,Yes,Patrick Ewing,Patrick Ewing,Big,Free Throw 37,Big,Big,Big,Base,Normal 3,Basic 1,Basic 1,Basic 3,Basic 1,Normal 6,Fade 3,Hook 3,Post Hop Shot 3,Shimmy Fade 2,Shimmy Hook 2,Big,Default Big,Under Basket Regular,Big Man off One,Basic One handers off one,Straight Arm Tomahawks,Big Man Tomahawks off One,Big Man Tomahawks off two,Basic Two handers off two,Cоck Back Tomahawks,Big Man Baseline Reverses,None,None,None,None,None,None,Right,Right,05-12-2020
8152,Wes Unseld,Louisville, ,Rewards,Pink Diamond Token Rewards,Washington Wizards,96,95,91,C,,6'7",245,Post Up Low,P&R Roll Man,None,None,Hot,Hot,Hot,Hot,Hot,Hot,Hot,Neutral,Hot,Hot,Hot,Neutral,Neutral,Hot,96,84,78,98,70,85,95,95,95,95,96,97,96,95,79,78,96,98,97,98,98,55,75,82,85,94,85,68,88,68,80,88,95,85,98,98,95,96,90,95,95,85,78,35,25,5,67,0,0,38,0,5,0,0,0,20,74,45,0,0,0,25,0,7,0,15,0,0,0,50,55,0,75,0,40,9,81,40,40,40,50,0,0,0,0,0,0,0,0,75,80,46,40,99,0,3,28,42,84,99,40,20,35,30,25,3,50,0,35,0,28,25,25,25,25,0,0,20,65,20,68,45,74,45,45,44,55,None,Gold,Gold,Gold,Gold,Silver,Gold,None,None,None,Gold,Gold,Gold,Gold,None,None,None,None,Gold,None,None,None,None,None,None,None,Gold,Gold,None,Gold,None,None,None,None,None,None,None,None,Gold,Silver,Gold,None,Gold,Silver,None,None,Gold,Gold,Gold,Gold,None,None,None,None,None,Gold,Gold,Silver,None,Gold,Gold,None,Gold,None,Gold,None,None,None,None,Gold,None,Gold,Gold,None,Gold,Yes,None,None,None,None,None,None,Yes,None,None,None,None,None,Kobe Bryant,Release 70,Normal,Dwight Howard,Normal,Normal,Normal 4,Base,Normal 1,Normal 1,Normal 1,Normal 1,Normal 1,Normal 5,Big,Hook 2,Post Hop Shot 10,Shimmy Fade 2,Shimmy Hook 2,Small,Default Small,Athletic Front Tomahawks,Athletic One handers off one,Athletic One handers off two,Athletic Side Tomahawks,Cоck Back Tomahawks,Uber Athletic Tomahawks off one,Under Basket Athletic Flushes,Under Basket Rim Pulls,Straight Arm Tomahawks,Baseline Reverses off one,Back Scratchers off two,Back Scratching Rim Hangs,Uber Athletic Tomahawks off two,Side Windmills,Baseline Clutch Reverses,Right,Right,05-12-2020
8153,Dave Cowens,Florida State, ,Rewards,Pink Diamond Token Rewards,Boston Celtics,96,91,91,C,,6'9",230,P&R Roll Man,Post Up Low,Post Up High,None,Hot,Hot,Hot,Hot,Hot,Hot,Hot,Hot,Cold,Neutral,Neutral,Neutral,Neutral,Neutral,97,91,78,97,85,95,84,95,70,95,96,95,94,98,66,50,82,95,98,98,94,28,44,62,55,82,95,63,96,63,94,60,95,95,96,96,85,96,75,75,35,99,50,65,73,34,70,0,11,66,0,10,0,0,0,20,68,71,40,2,0,45,65,40,0,5,0,0,0,16,55,0,75,0,40,5,61,84,84,84,58,0,0,0,0,0,0,0,0,75,80,67,47,99,0,0,2,3,6,99,7,21,15,5,5,0,50,0,20,0,5,10,10,86,0,0,0,20,86,5,72,16,68,71,71,40,65,None,None,None,Gold,None,None,Gold,None,None,None,None,None,None,HOF,Gold,None,None,None,None,None,None,None,None,None,None,None,None,None,None,Gold,None,None,None,None,None,None,None,None,None,None,None,None,None,None,None,None,None,None,None,Gold,None,None,None,None,None,HOF,Gold,Gold,None,Gold,Gold,None,None,None,None,None,Gold,None,None,None,HOF,Gold,Gold,Gold,HOF,Yes,None,None,None,None,None,None,None,None,None,None,None,None,Jump Shot 1,Release 37,Big,Free Throw 1,Normal,Normal 7,Normal 5,Base,Normal 1,Basic 1,Basic 1,Basic 2,Basic 1,Normal 5,Big,Hook 3,Post Hop Shot 3,Shimmy Fade 2,Shimmy Hook 2,Small,Default Big,Big Man off Two,Under Basket Rim Pulls,Basic Two handers off two,None,None,None,None,None,None,None,None,None,None,None,None,Left,Right,05-12-2020
8154,Bob Love,Southern, ,Rewards,Pink Diamond Token Rewards,Chicago Bulls,96,92,94,PF,,6'8",240,Post Up Low,P&R Roll Man,Post Up High,None,Hot,Neutral,Neutral,Neutral,Neutral,Neutral,Neutral,Neutral,Neutral,Hot,Hot,Neutral,Cold,Cold,94,89,72,97,84,98,84,80,75,92,86,90,90,95,74,73,84,82,95,97,84,69,62,65,35,70,92,69,92,71,89,84,90,90,92,94,98,96,40,30,40,95,65,5,10,15,35,30,25,53,49,65,6,3,2,99,68,73,0,0,48,99,25,20,6,10,2,4,4,35,55,0,75,0,0,30,70,55,55,55,50,0,0,0,0,0,0,0,0,75,60,96,99,25,0,1,15,23,45,3,99,60,60,40,30,93,35,50,75,35,40,40,40,25,25,15,28,37,25,0,55,70,68,70,73,48,25,None,None,None,None,None,None,Gold,None,None,None,Gold,None,None,Gold,Gold,None,None,Gold,Gold,None,None,None,None,Gold,None,None,None,None,None,Gold,None,None,None,None,None,None,None,None,None,Gold,None,None,None,None,None,None,None,None,None,Gold,None,None,None,None,None,None,Gold,Gold,None,Gold,Gold,Gold,Gold,Gold,Gold,None,Gold,None,None,Gold,None,Gold,Gold,Gold,Gold,None,None,None,None,None,None,None,None,None,None,None,None,None,Amare Stoudemire,Lamarcus Aldridge,Big,Lamarcus Aldridge,Normal,Normal,Normal 8,Base,Basic 2,Basic 1,Basic 1,Basic 1,Basic 1,Normal 5,Big,Hook 2,Post Hop Shot 6,Shimmy Fade 2,Shimmy Hook 2,Small,Default Big,Big Man off One,Under Basket Regular,Big Man off Two,None,None,None,None,None,None,None,None,None,None,None,None,Right,Right,05-12-2020
8155,Elvin Hayes,Houston, ,Rewards,Pink Diamond Token Rewards,Houston Rockets,96,93,94,PF,,6'9",235,Post Up Low,P&R Roll Man,None,None,Cold,Hot,Cold,Cold,Hot,Hot,Cold,Hot,Hot,Cold,Neutral,Hot,Hot,Hot,96,72,70,98,69,98,72,90,85,85,95,93,96,95,75,63,80,90,97,95,99,50,52,58,52,60,95,60,96,60,78,80,94,95,97,98,90,96,95,100,100,99,75,20,25,8,57,0,7,77,0,15,0,0,0,30,40,60,50,60,52,0,35,0,0,5,0,0,0,30,5,5,55,47,66,50,55,35,0,0,51,25,25,20,5,0,10,0,10,65,40,73,66,20,0,0,0,0,0,0,99,75,40,20,10,19,50,50,50,50,18,15,15,75,15,15,15,50,55,0,50,62,40,60,60,52,35,None,Gold,None,None,None,None,Gold,None,None,None,Gold,None,None,Gold,None,None,None,None,None,None,None,None,None,None,None,None,None,None,None,None,None,None,None,None,None,None,None,None,None,None,None,None,None,None,None,None,None,None,None,Gold,None,None,None,None,None,Gold,Gold,None,None,Gold,None,None,Gold,None,None,None,None,None,None,Gold,None,Gold,None,None,Gold,None,None,None,None,None,None,None,None,None,None,None,None,None,Ryan Anderson,Ryan Anderson,Big,Free Throw 1,Big,Big,Big 2,Base,Normal 1,Normal 1,Normal 1,Normal 1,Normal 1,Normal 5,Fade 1,Hook 2,Post Hop Shot 5,Shimmy Fade 2,Shimmy Hook 2,Big,Default Big,Big Man off Two,Under Basket Regular,Basic Two handers off two,Big Man off One,None,None,None,None,None,None,None,None,None,None,None,Right,Right,05-12-2020
8156,Spencer Haywood,Detroit Mercy, ,Rewards,Pink Diamond Token Rewards,Seattle SuperSonics,96,96,90,PF,,6'8",225,Post Up Low,P&R Roll Man,None,None,Neutral,Cold,Cold,Cold,Hot,Cold,Cold,Cold,Cold,Cold,Neutral,Cold,Cold,Cold,96,90,72,90,84,90,92,97,85,97,85,92,90,95,79,79,90,88,98,95,85,70,66,65,48,75,85,66,86,64,78,45,70,85,96,95,90,96,95,65,35,75,80,20,70,67,64,0,21,48,0,5,0,0,0,15,74,64,25,64,48,0,35,0,0,35,0,0,0,65,10,15,50,70,70,30,54,80,0,0,53,65,25,0,0,10,15,0,15,75,70,89,80,0,0,0,0,0,0,0,87,60,5,15,0,6,50,50,50,50,10,5,5,65,0,0,0,50,70,15,68,50,74,64,64,48,35,Gold,None,Gold,Gold,Gold,None,Gold,Gold,Gold,Gold,Gold,Gold,Gold,Gold,Gold,Gold,Gold,None,None,None,None,None,None,Gold,None,None,None,None,None,Gold,None,None,None,None,None,None,None,None,None,Gold,None,Gold,Gold,None,None,None,None,None,None,Gold,None,None,None,None,None,None,Gold,Gold,None,None,None,None,None,None,Silver,Gold,None,None,Gold,None,Gold,None,None,Gold,Gold,Yes,None,None,None,None,None,None,None,None,None,None,None,None,Set Shot 4,Tyreke Evans,Normal,Free Throw 1,Normal 2,Normal 6,Normal,Base,Normal 1,Normal 4,Normal 4,Normal 4,Normal 1,Normal 5,Big,Hook 2,Post Hop Shot 10,Shimmy Fade 2,Shimmy Hook 2,Small,Default Swing,Basic Two handers off one,Rim Grazers off one,Basic One handers off one,Basic Two handers off two,None,None,None,None,None,None,None,None,None,None,None,Right,Right,05-12-2020
8157,Mark Price,Georgia Tech, ,Rewards,Pink Diamond Token Rewards,Cleveland Cavaliers,96,98,83,PG,,6'0",170,P&R Ball Handler,Mid Range,3 PT,None,Hot,Neutral,Hot,Neutral,Hot,Neutral,Hot,Neutral,Neutral,Neutral,Neutral,Hot,Hot,Neutral,94,95,96,98,95,98,89,25,25,88,25,25,29,95,79,79,76,40,95,98,92,79,94,95,95,96,52,85,87,85,88,84,27,89,38,44,98,96,40,25,25,0,10,40,25,86,77,80,85,75,36,55,4,2,3,79,65,5,68,68,15,79,25,55,4,4,3,5,10,43,80,89,7,27,56,90,4,90,90,90,53,92,53,45,20,40,50,15,59,32,75,80,80,67,15,1,6,9,17,2,0,0,0,0,0,0,0,0,40,0,0,0,0,0,0,0,0,86,60,65,70,46,65,5,5,15,25,Gold,None,Gold,None,None,None,None,Gold,None,Gold,None,None,Gold,None,Silver,None,Gold,Gold,HOF,Gold,HOF,Gold,None,Gold,Gold,HOF,Gold,HOF,Gold,None,Gold,Gold,HOF,Gold,HOF,Gold,Gold,Bronze,None,None,Gold,None,None,Gold,HOF,None,Gold,HOF,Gold,None,Gold,Gold,Gold,None,Gold,None,None,None,None,None,None,None,None,None,None,None,Silver,None,None,None,None,None,None,Silver,None,Yes,None,None,None,None,None,None,None,None,None,None,None,None,Jump Shot 28,Release 8,Normal,Free Throw 25,Normal,Normal 5,Normal 7,Base,Pro 6,Pro 2,Pro 6,Pro 2,Pro 2,Normal 1,Fade 3,Hook 1,Post Hop Shot 10,Shimmy Fade 1,Shimmy Hook 2,Small,Default Small,None,None,None,None,None,None,None,None,None,None,None,None,None,None,None,Right,Right,05-12-2020
8158,Isiah Thomas,Indiana,Zeke,Rewards,Pink Diamond Token Rewards,Detroit Pistons,96,97,92,PG,,6'1",180,P&R Ball Handler,Isolation,Mid Range,3 PT,Hot,Hot,Hot,Hot,Neutral,Hot,Neutral,Hot,Neutral,Neutral,Neutral,Neutral,Neutral,Neutral,95,92,76,98,82,98,97,25,65,89,44,25,29,99,94,94,84,65,97,96,90,94,97,97,97,98,40,87,89,92,88,88,55,90,35,45,98,97,25,65,65,5,16,40,65,99,99,95,99,92,36,68,4,2,3,77,71,20,20,20,32,36,35,2,4,1,3,5,10,36,70,99,2,31,81,73,0,99,5,4,54,81,80,85,45,55,55,10,83,35,81,88,88,99,3,7,5,9,5,2,0,40,25,40,20,40,50,50,50,50,30,20,20,40,40,20,20,79,90,99,79,40,71,20,20,32,35,Gold,None,None,None,None,None,None,None,None,None,None,None,None,None,Gold,None,None,Gold,Silver,None,Gold,None,None,Gold,None,None,None,None,None,None,None,Gold,None,None,None,None,None,Gold,Gold,None,HOF,Gold,None,Gold,HOF,Gold,Gold,Gold,Gold,None,Gold,Gold,Gold,Gold,Gold,None,None,None,HOF,Gold,None,Gold,None,None,None,Gold,Gold,Gold,None,None,None,None,Gold,HOF,None,None,None,None,None,None,None,None,None,None,None,None,None,None,Jump Shot 14,Release 24,Normal,Free Throw 37,Normal 2,Normal 5,Normal,Base,Pro 1,Pro 3,Pro 5,Pro 3,Pro 3,Normal 1,Big,Hook 1,Post Hop Shot 10,Shimmy Fade 2,Shimmy Hook 2,Small,Default Small,Rim Grazers off two,Rim Grazers off one,None,None,None,None,None,None,None,None,None,None,None,None,None,Right,Right,05-12-2020
8159,Jerry West,West Virginia,Mr. Clutch,Rewards,Pink Diamond Token Rewards,Los Angeles Lakers,96,97,94,PG,,6'2",175,P&R Ball Handler,Mid Range,3 PT,Isolation,Hot,Hot,Hot,Hot,Neutral,Hot,Neutral,Hot,Neutral,Neutral,Neutral,Neutral,Neutral,Neutral,95,95,95,97,83,98,96,25,25,85,59,63,63,98,90,88,80,70,95,97,80,88,90,96,95,98,44,97,95,88,95,96,40,95,35,35,90,96,40,25,25,0,23,63,25,87,78,85,85,78,36,35,4,2,3,95,40,20,0,0,0,94,0,15,0,15,0,0,10,50,97,93,2,90,47,81,22,85,85,85,75,61,43,10,0,30,50,15,90,70,91,85,90,75,0,0,0,0,0,99,0,0,0,0,0,0,0,50,50,50,0,0,0,0,0,0,0,94,40,35,84,20,86,20,20,31,38,Gold,None,None,None,None,None,None,None,None,None,None,None,None,None,Gold,None,None,Gold,Gold,HOF,Gold,Gold,None,HOF,None,None,None,None,None,None,None,Gold,None,Gold,HOF,Gold,Gold,Gold,Gold,Gold,Gold,None,None,Gold,Gold,Gold,Gold,Gold,Gold,None,Gold,Gold,Gold,None,None,None,None,None,Gold,None,None,Gold,None,None,None,Gold,Gold,Gold,None,None,None,None,Gold,Gold,None,Yes,None,None,None,None,None,None,None,None,None,None,None,Yes,Jerry West,Jerry West,Normal,Free Throw 68,Normal,Normal 2,Normal 6,Base,Pro 6,Pro 7,Pro 5,Pro 7,Pro 7,Normal 1,Fade 1,Hook 1,Post Hop Shot 10,Shimmy Fade 1,Shimmy Hook 2,Small,Default Small,None,None,None,None,None,None,None,None,None,None,None,None,None,None,None,Right,Right,05-12-2020
8160,Chris Mullin,St. John's (NY),Run C,Rewards,Pink Diamond Token Rewards,Golden State Warriors,96,98,82,SF,,6'7",200,Mid Range,3 PT,None,None,Hot,Hot,Hot,Hot,Neutral,Hot,Neutral,Hot,Neutral,Hot,Hot,Hot,Hot,Hot,92,95,97,97,88,98,89,38,45,84,65,44,80,98,78,75,68,76,98,91,95,73,75,79,69,84,66,84,89,84,85,73,51,90,48,50,98,96,38,45,45,20,30,30,45,80,70,73,78,69,35,71,4,3,6,85,77,40,46,40,24,35,50,3,4,73,6,3,9,12,72,74,17,64,63,63,21,75,4,3,35,63,63,32,0,0,62,15,57,38,73,83,83,20,6,5,4,10,5,3,55,40,75,45,25,80,50,50,50,50,28,10,10,75,30,45,28,59,51,9,71,20,77,40,40,24,50,Silver,None,None,None,None,None,None,None,None,None,None,None,None,None,None,None,Gold,Bronze,HOF,HOF,HOF,Gold,None,Gold,Gold,Gold,Gold,Gold,Gold,None,None,Gold,Gold,Gold,HOF,HOF,Gold,None,None,None,None,None,None,None,None,None,None,Gold,Gold,None,None,Gold,None,None,None,None,None,None,None,None,None,None,None,None,None,None,Bronze,None,None,None,None,None,None,None,None,Yes,None,None,None,None,None,None,None,None,None,None,None,Yes,Jump Shot 22,Release 71,Normal,Free Throw 2,Normal,Normal 2,Normal,Base,Normal 2,Normal 2,Normal 2,Normal 2,Normal 2,Normal 5,Fade 3,Hook 2,Post Hop Shot 8,Shimmy Fade 1,Shimmy Hook 2,Small,Default Swing,None,None,None,None,None,None,None,None,None,None,None,None,None,None,None,Left,Left,05-12-2020
8161,Alex English,South Carolina, ,Rewards,Pink Diamond Token Rewards,Denver Nuggets,96,97,85,SF,,6'7",190,Isolation,Post Up Low,P&R Ball Handler,None,Hot,Hot,Hot,Hot,Hot,Hot,Hot,Hot,Hot,Hot,Hot,Neutral,Neutral,Neutral,94,94,79,98,92,98,97,75,90,94,88,70,88,98,88,88,88,82,98,85,85,75,86,79,70,85,70,76,74,80,76,73,50,60,60,63,98,96,40,95,85,85,20,50,60,60,80,85,45,82,23,30,9,6,2,95,61,48,70,65,62,60,75,12,9,40,2,5,7,35,15,35,0,50,20,30,50,70,70,70,45,35,15,60,15,0,0,25,15,80,80,99,99,40,15,3,33,50,99,6,48,65,65,35,10,40,5,5,30,30,55,0,75,35,30,0,0,66,40,20,60,55,61,65,48,62,75,HOF,None,HOF,HOF,Gold,None,None,None,Gold,Gold,Gold,None,Gold,None,Gold,Gold,Gold,Gold,None,None,None,None,None,Gold,Gold,Gold,None,Gold,None,None,Gold,None,None,None,None,None,Gold,Silver,None,None,None,Gold,None,None,None,Silver,None,None,None,None,Gold,Gold,Gold,Gold,None,None,None,Gold,None,None,None,None,None,None,None,None,None,Silver,Gold,None,None,None,None,Gold,None,Yes,None,None,None,None,None,None,None,None,None,None,None,None,Carmelo Anthony,Carmelo Anthony,Normal,Dwyane Wade,Normal,Normal 2,Normal 8,Base,Normal 1,Pro 4,Pro 4,Pro 4,Pro 4,Normal 5,Big,Hook 2,Post Hop Shot 10,Shimmy Fade 2,Shimmy Hook 2,Small,Default Swing,Quick Drops off two,Basic Hangs off two,Basic One handers off two,Basic One handers off one,Athletic One handers off one,Basic Two handers off two,Basic Two handers off one,Athletic One handers off two,Under Basket Regular,Quick Drops off one,None,None,None,None,None,Right,Right,05-12-2020
8162,Elgin Baylor,Seattle University, ,Rewards,Pink Diamond Token Rewards,Los Angeles Lakers,96,96,89,SF,,6'5",225,Post Up Low,Isolation,P&R Roll Man,Cutter,Hot,Hot,Hot,Hot,Hot,Hot,Hot,Hot,Hot,Neutral,Neutral,Neutral,Neutral,Neutral,96,95,89,98,84,95,95,50,85,98,80,84,85,98,95,94,81,80,98,85,87,85,84,70,75,78,89,84,88,84,84,65,60,85,90,95,85,96,60,85,85,75,80,59,85,85,82,89,89,82,35,80,4,3,6,80,53,47,38,38,34,80,47,15,4,15,6,3,9,15,77,84,14,60,45,50,40,95,95,95,60,47,50,10,0,25,25,0,30,70,87,99,79,25,0,3,27,41,81,3,90,30,50,50,65,75,15,15,0,0,40,30,30,70,50,50,40,67,0,15,67,30,53,47,47,34,47,HOF,None,Gold,Gold,Gold,None,Bronze,Gold,None,None,Silver,None,Gold,Gold,Gold,None,None,None,Gold,None,Gold,None,None,HOF,None,None,None,None,None,None,None,None,None,None,None,None,None,None,Gold,Silver,Gold,Gold,None,Gold,None,None,Silver,None,None,None,Gold,None,None,None,None,None,None,Silver,Bronze,None,None,Silver,None,None,None,Silver,None,Silver,None,None,None,None,Silver,Silver,None,Yes,None,None,None,None,None,None,None,None,None,None,None,None,Michael Beasley,Release 56,Normal,Free Throw 25,Normal,Stiff 4,Normal 6,Base,Normal 1,Normal 4,Normal 4,Normal 4,Normal 1,Normal 3,Fade 3,Hook 2,Post Hop Shot 10,Shimmy Fade 1,Shimmy Hook 2,Small,Default Swing,Basic Two handers off one,Basic One handers off one,Rim Grazers off one,Athletic One handers off one,None,None,None,None,None,None,None,None,None,None,None,Right,Right,05-12-2020
8163,Mitch Richmond,Kansas State, ,Rewards,Pink Diamon Token Rewards,Sacramento Kings,96,98,88,SG,,6'5",215,Mid Range,Isolation,3 PT,Guard Post Up,Hot,Hot,Hot,Hot,Hot,Hot,Hot,Hot,Hot,Hot,Neutral,Hot,Neutral,Hot,94,96,91,97,89,98,94,55,75,94,48,69,79,96,86,88,89,79,98,98,98,81,86,82,74,86,62,79,82,79,85,78,42,80,52,62,90,96,45,57,57,75,41,61,57,87,89,90,91,85,30,66,4,4,5,94,59,13,46,46,30,94,76,95,4,55,5,5,11,55,76,64,23,58,42,60,38,55,55,55,48,42,42,21,0,25,30,20,38,38,59,87,87,69,0,3,33,50,99,3,0,0,0,0,0,0,0,50,50,0,0,0,0,0,0,0,0,44,49,40,65,34,59,13,13,30,76,Gold,None,Gold,Gold,Gold,None,None,Gold,None,Gold,None,None,None,None,Gold,None,Gold,None,Gold,Gold,Gold,Gold,None,HOF,Gold,Gold,Gold,Gold,None,None,Gold,None,Gold,Gold,Gold,Gold,Gold,Silver,None,Gold,None,Gold,None,None,None,None,None,None,Gold,None,Gold,Gold,Gold,None,None,None,None,None,None,None,None,None,None,None,None,None,None,None,None,None,None,None,None,None,None,Yes,None,None,None,None,None,None,None,None,None,None,None,None,Jump Shot 22,Release 8,Normal,Free Throw 2,Athletic 2,Stiff,Normal 8,Base,Normal 3,Pro 4,Pro 2,Pro 4,Pro 4,Normal 3,Fade 3,Hook 2,Post Hop Shot 10,Shimmy Fade 1,Shimmy Hook 2,Small,Default Swing,Basic One handers off one,Rim Grazers off one,Straight Arm Tomahawks,None,None,None,None,None,None,None,None,None,None,None,None,Right,Right,05-12-2020
8164,Adrian Dantley,Notre Dame, ,Rewards,Pink Diamond Token Rewards,Utah Jazz,96,98,87,SG,,6'5",208,P&R Ball Handler,Isolation,Cutter,None,Hot,Hot,Hot,Hot,Hot,Hot,Hot,Hot,Hot,Neutral,Neutral,Neutral,Hot,Neutral,97,95,75,98,89,98,97,65,85,98,85,86,87,98,88,84,94,82,98,97,85,83,86,82,74,82,69,83,85,83,85,70,39,85,72,75,98,96,40,85,80,75,80,50,58,1,65,32,36,35,0,45,0,0,0,30,35,55,8,0,57,60,70,5,0,0,0,0,0,34,15,15,50,80,88,91,36,30,30,30,50,72,8,96,45,40,16,66,27,49,50,87,39,50,0,0,0,0,0,0,14,89,15,50,25,3,50,75,25,50,33,15,15,62,25,25,25,50,20,0,35,60,35,55,55,57,70,HOF,None,HOF,HOF,Gold,None,None,None,Gold,Gold,Gold,None,Gold,None,Gold,Gold,Gold,Gold,None,None,None,None,None,Gold,Gold,Gold,Gold,Gold,Gold,None,None,None,None,None,None,None,Gold,Silver,None,None,None,None,None,None,None,Silver,None,None,None,None,None,Gold,Gold,Gold,None,None,None,None,None,None,None,None,None,None,None,None,None,None,None,None,None,None,None,None,None,None,None,None,None,None,None,None,None,None,None,None,None,None,Jump Shot 18,Release 18,Normal,Adrian Dantley,Normal,Normal 7,Normal,Base,Normal 1,Normal 5,Normal 1,Normal 5,Normal 2,Normal 3,Big,Hook 2,Post Hop Shot 6,Shimmy Fade 2,Shimmy Hook 2,Small,Default Swing,Big Man off Two,Under Basket Regular,Big Man Tomahawks off two,None,None,None,None,None,None,None,None,None,None,None,None,Right,Right,05-12-2020
8165,George Gervin,Eastern Michigan,The Iceman,Rewards,Pink Diamon Token Rewards,San Antonio Spurs,96,98,89,SG,,6'7",185,Mid Range,Isolation,None,None,Hot,Hot,Hot,Hot,Hot,Hot,Hot,Neutral,Hot,Neutral,Neutral,Neutral,Neutral,Neutral,94,90,79,98,86,98,99,60,95,88,78,77,88,95,93,88,95,70,98,95,95,83,80,75,64,80,70,83,82,86,88,78,65,80,82,82,98,96,60,86,86,61,74,27,86,99,99,99,99,99,35,68,4,3,6,78,33,27,5,27,45,35,15,3,4,89,6,3,9,26,63,81,23,55,81,81,4,88,4,3,45,81,81,41,0,0,50,25,73,54,74,99,90,50,6,5,4,10,5,3,75,40,40,0,5,40,50,50,50,50,10,20,20,75,45,40,30,42,16,5,45,63,33,27,27,45,15,HOF,None,HOF,Gold,Gold,Gold,None,Gold,Gold,HOF,Gold,None,Gold,Gold,Gold,Gold,HOF,Gold,Gold,None,None,None,None,Gold,Gold,Gold,None,Gold,None,None,None,None,None,None,None,None,None,None,None,None,None,None,None,None,None,None,None,None,None,None,None,None,None,None,None,None,None,None,None,None,None,None,None,None,None,None,None,None,None,None,None,None,None,None,None,Yes,None,None,None,None,None,None,None,None,None,None,None,Yes,Jump Shot 40,Release 33,Normal,Free Throw 1,Athletic 4,Normal 4,Normal 7,Base,Normal 4,Normal 6,Normal 4,Normal 6,Normal 3,Normal 5,Big,Hook 1,Post Hop Shot 10,Shimmy Fade 2,Shimmy Hook 2,Small,Default Swing,Basic Two handers off one,Basic One handers off two,Basic One handers off one,None,None,None,None,None,None,None,None,None,None,None,None,Right,Right,05-12-2020
8166,David Robinson,Navy,The Admiral,Rewards,Opal Token Rewards,San Antonio Spurs,99,99,99,C,,7'1",235,Post Up High,Post Up Low,P&R Roll Man,None,Hot,Hot,Hot,Hot,Hot,Hot,Hot,Hot,Hot,Hot,Neutral,Neutral,Neutral,Hot,98,98,86,96,90,98,90,95,95,96,97,96,98,95,84,84,95,97,97,95,75,54,65,59,62,66,98,80,98,79,95,77,98,98,97,98,60,99,90,60,60,65,81,2,60,58,49,60,58,48,68,90,6,2,0,60,5,79,0,0,0,55,0,3,0,40,0,0,0,30,55,0,75,0,25,26,75,10,10,10,25,0,0,0,0,0,0,0,0,75,80,90,99,99,0,0,3,5,10,99,99,75,85,77,75,95,50,40,95,95,41,5,5,75,75,75,40,20,0,0,40,99,38,89,89,37,45,Gold,HOF,Gold,HOF,Gold,Gold,HOF,None,Gold,None,HOF,HOF,Gold,Gold,Gold,Gold,None,None,Gold,None,Gold,None,HOF,Gold,None,Gold,None,Gold,None,HOF,Gold,Gold,None,None,Gold,None,None,None,Gold,Gold,None,None,Gold,Silver,None,None,None,None,None,HOF,None,None,None,None,None,HOF,HOF,Gold,Bronze,HOF,HOF,Silver,HOF,None,HOF,Gold,None,Silver,HOF,HOF,HOF,HOF,HOF,Gold,HOF,Yes,None,None,None,None,None,None,None,None,None,None,None,None,David Robinson,David Robinson,Big,Free Throw 2,Stiff,Big,Big,Base,Normal 1,Basic 1,Basic 2,Basic 1,Basic 1,Normal 6,Fade 9,Hook 3,Post Hop Shot 3,Shimmy Fade 2,Shimmy Hook 2,Big,Dominant Big,Back Scratchers off two,Under Basket Rim Pulls,Under Basket Regular,Under Basket Athletic Flushes,Reverses off one,Basic One handers off two,Big Man Back Scratchers,Back Scratching Rim Hangs,Back Scratchers off one,Front Clutches,Reverses off two,Big Man Baseline Reverses,None,None,None,Left,Left,05-12-2020
8167,Grant Hill,Duke, ,Rewards,Opal Token Rewards,Detroit Pistons,99,99,99,SF,,6'8",225,P&R Ball Handler,Mid Range,Isolation,Guard Post Up,Hot,Hot,Hot,Hot,Hot,Hot,Hot,Hot,Hot,Hot,Hot,Hot,Neutral,Hot,98,97,93,98,92,98,98,80,98,95,78,70,89,98,95,95,97,80,97,95,92,86,86,89,88,89,70,94,95,95,95,91,78,95,78,80,60,99,15,40,90,75,20,20,45,45,65,70,55,81,0,10,0,0,0,75,78,39,45,72,42,0,15,0,0,35,0,0,0,25,5,15,50,30,0,30,70,88,0,0,52,25,45,35,25,5,10,40,10,90,70,95,83,0,0,0,0,0,0,0,16,0,5,15,0,14,0,0,5,10,10,5,5,0,0,0,0,50,5,5,78,65,78,72,39,42,15,HOF,None,HOF,HOF,None,None,None,HOF,HOF,None,HOF,None,Gold,None,Gold,HOF,Gold,Gold,Gold,Gold,Gold,Gold,None,Gold,HOF,HOF,None,HOF,None,None,None,Gold,Gold,HOF,Gold,Gold,None,Gold,None,Gold,Gold,None,None,Gold,Gold,Gold,Gold,HOF,Gold,None,Gold,HOF,Gold,Gold,Silver,None,None,HOF,HOF,Silver,Gold,HOF,Gold,Gold,None,Gold,Gold,Gold,HOF,Silver,None,None,HOF,HOF,None,None,None,None,None,None,None,None,None,None,None,None,None,None,Jump Shot 1,Release 3,Normal,Free Throw 1,Athletic 3,Normal 3,Normal 4,Base,Normal 1,Normal 1,Normal 1,Normal 1,Normal 1,Normal 5,Big,Hook 1,Post Hop Shot 10,Shimmy Fade 2,Shimmy Hook 2,Small,Default Swing,Leaning Slams,Under Basket Athletic Flushes,Basic One handers off one,Basic Two handers off one,Basic One handers off two,Athletic One handers off one,Athletic One handers off two,Quick Drops off two,Athletic Side Tomahawks,Reverses off one,Clutch reverses off Two,Baseline Reverses off one,Leaning Windmills,Basic 360s,None,Right,Right,05-12-2020
8168,Penny Hardaway,Memphis, ,Rewards,Opal Token Rewards,Orlando Magic,99,99,93,PG,,6'7",195,P&R Ball Handler,Guard Post Up,Isolation,None,Hot,Hot,Hot,Hot,Hot,Hot,Hot,Hot,Hot,Hot,Hot,Neutral,Hot,Neutral,98,94,90,98,90,98,97,70,90,97,74,68,84,95,88,88,90,68,98,95,85,88,95,98,98,98,70,88,88,77,88,90,70,95,70,79,60,99,70,86,86,89,49,30,86,92,91,93,98,96,36,59,4,2,3,59,75,20,42,20,24,36,20,2,4,3,3,5,10,65,57,89,17,63,75,67,0,86,5,4,62,77,65,60,50,35,50,10,77,34,77,74,56,66,3,7,5,9,5,2,60,35,25,40,30,40,50,50,50,50,30,20,20,50,40,15,18,74,75,85,78,53,75,20,20,24,20,HOF,None,HOF,HOF,HOF,None,None,Gold,Gold,None,Gold,None,HOF,Gold,HOF,Gold,Gold,HOF,Gold,Gold,None,Gold,None,HOF,None,Gold,Gold,HOF,Gold,None,None,Gold,Gold,None,None,None,HOF,Gold,Gold,Gold,HOF,None,None,Gold,HOF,Gold,HOF,HOF,HOF,Silver,HOF,HOF,Gold,Gold,Gold,None,None,Gold,Gold,Gold,Gold,Gold,Gold,Gold,None,Gold,Gold,Gold,Gold,None,None,None,Gold,Gold,None,None,None,None,None,None,None,None,None,None,None,None,None,None,Jump Shot 10,Release 68,Normal,Free Throw 25,Normal 2,Normal 6,Normal 6,Base,Pro 5,Pro 4,Pro 2,Pro 4,Pro 4,Normal 5,Big,Hook 1,Post Hop Shot 10,Shimmy Fade 2,Shimmy Hook 2,Small,Default Swing,Athletic Front Tomahawks,Athletic One handers off two,Basic One handers off two,Under Basket Athletic Flushes,Athletic One handers off one,Rim Grazers off one,Reverses off two,None,None,None,None,None,None,None,None,Right,Right,05-12-2020
8787,Reggie Lewis,Northeastern, ,Rewards,Pink Diamond Token Rewards,Boston Celtics,97,99,95,SG,SF,6'7",195,Cutter,Isolation,P&R Ball Handler,None,Hot,Hot,Hot,Hot,Hot,Hot,Hot,Hot,Hot,Neutral,Hot,Hot,Hot,Hot,94,95,84,93,89,95,95,83,95,97,72,75,85,93,90,90,97,75,98,88,90,86,86,86,71,81,63,89,88,90,90,88,70,90,48,53,70,97,65,100,100,75,62,20,25,36,74,1,10,19,0,5,0,0,0,35,65,55,40,55,88,0,10,0,0,15,0,0,0,30,5,5,60,9,98,62,39,40,0,0,53,91,34,55,34,26,1,67,52,48,20,61,55,0,0,0,0,0,0,0,5,44,45,30,15,0,50,50,50,50,28,25,25,40,0,0,0,50,25,5,69,55,65,55,55,88,10,HOF,None,HOF,HOF,None,None,None,Gold,HOF,None,Gold,None,None,None,HOF,HOF,Gold,Gold,HOF,None,None,Gold,None,HOF,Gold,HOF,Gold,Gold,None,None,None,Gold,None,None,None,Gold,Gold,None,Gold,Gold,None,HOF,None,None,None,None,Gold,None,None,None,HOF,Gold,Gold,None,Gold,None,None,Gold,Gold,None,Gold,Gold,Gold,Gold,None,Gold,Gold,Gold,Gold,None,None,None,Gold,Gold,None,Yes,None,None,None,None,None,None,None,None,None,None,None,None,Jump Shot 4,Release 8,Normal,Free Throw 1,Normal 2,Normal 4,Normal,Base,Normal 2,Pro 2,Pro 4,Pro 2,Pro 2,Normal 5,Big,Hook 1,Post Hop Shot 8,Shimmy Fade 2,Shimmy Hook 2,Small,Default Swing,Leaning Slams,Under Basket Athletic Flushes,Basic One handers off one,Basic Two handers off one,Basic One handers off two,Athletic One handers off one,Athletic One handers off two,Quick Drops off two,Athletic Side Tomahawks,Reverses off one,Clutch reverses off Two,Baseline Reverses off one,Leaning Windmills,Basic 360s,None,Right,Right,05-12-2020
8788,Paul Millsap,Louisiana Tech, ,Rewards,Pink Diamond Token Rewards,Atlanta Hawks,97,94,99,PF,SF,6'8",246,P&R Roll Man,Post Up Low,Post Up High,None,Hot,Hot,Hot,Hot,Hot,Hot,Hot,Hot,Neutral,Hot,Hot,Neutral,Hot,Hot,95,89,90,95,87,95,87,85,80,88,94,92,89,95,85,85,86,95,95,89,95,83,86,72,66,78,95,86,92,89,85,79,84,95,88,90,50,97,85,85,85,75,80,5,40,15,10,25,5,62,47,65,18,24,58,50,66,74,20,5,70,55,55,25,5,25,3,2,5,45,55,0,75,0,0,0,99,35,35,35,53,0,0,0,0,0,0,0,0,75,60,89,71,50,15,2,21,31,62,3,39,25,40,35,35,30,25,15,50,45,40,40,40,15,25,15,28,61,5,0,45,68,66,66,74,70,55,None,Gold,Gold,HOF,HOF,Gold,HOF,None,None,None,Gold,HOF,None,Gold,Gold,None,None,None,HOF,None,Gold,None,Gold,Gold,Gold,Gold,Gold,Gold,None,HOF,None,Gold,None,None,None,Gold,None,None,None,Gold,None,Gold,Gold,Gold,None,None,Gold,None,None,HOF,Gold,None,None,None,None,Gold,Gold,None,Gold,HOF,Gold,Gold,HOF,None,Gold,Gold,Silver,None,Gold,HOF,Gold,Gold,HOF,HOF,None,Yes,None,None,None,None,None,None,None,None,None,Yes,None,Yes,Jump Shot 34,Release 56,Normal,Free Throw 1,Normal,Normal 6,Normal,Base,Normal 2,Normal 1,Normal 1,Normal 1,Normal 1,Normal 5,Fade 9,Hook 2,Post Hop Shot 5,Shimmy Fade 8,Shimmy Hook 3,Small,Default Swing,Athletic One handers off one,Under Basket Athletic Flushes,Basic Two handers off one,Basic One handers off one,Baseline Reverses off one,Basic One handers off two,Straight Arm Tomahawks,Reverses off one,None,None,None,None,None,None,None,Right,Right,05-12-2020
8931,Joel Embiid,Kansas, ,Rewards,Pink Diamond Token Rewards,Philadelphia 76ers,97,99,98,C,PF,7'0",250,Post Up Low,P&R Roll Man,None,None,Hot,Hot,Hot,Hot,Hot,Neutral,Hot,Hot,Neutral,Hot,Hot,Neutral,Neutral,Hot,96,90,91,98,85,98,84,95,85,96,96,96,96,95,80,78,88,96,95,95,68,73,69,40,67,74,96,81,93,79,70,70,96,95,95,95,25,97,100,95,85,100,20,50,70,0,0,0,15,65,45,70,19,8,73,20,50,30,45,50,10,25,10,45,0,40,0,0,0,55,75,85,5,75,0,5,0,50,30,35,75,5,0,0,0,0,0,0,0,55,75,99,99,75,50,10,10,20,30,5,90,15,15,60,20,90,75,30,75,30,75,25,35,40,20,50,25,20,0,0,55,10,55,99,90,80,50,None,HOF,HOF,HOF,Gold,HOF,HOF,None,None,None,HOF,HOF,None,HOF,None,None,None,None,HOF,HOF,HOF,None,Gold,HOF,HOF,HOF,None,Gold,Gold,HOF,Gold,Gold,Gold,None,None,Gold,Gold,None,None,Gold,None,None,HOF,Gold,None,None,None,None,Gold,HOF,None,None,Gold,None,None,Gold,HOF,None,Gold,HOF,HOF,None,HOF,None,HOF,None,None,None,None,HOF,Gold,HOF,HOF,None,Gold,Yes,None,Yes,Yes,None,None,None,None,None,Yes,None,None,None,Jump Shot 47,Zach Lavine,Big,Free Throw 5,Normal,Normal 6,Normal 8,Big,Basic 2,Basic 1,Basic 1,Basic 3,Basic 1,Normal 6,Fade 9,Hook 3,Post Hop Shot 3,Shimmy Fade 8,Shimmy Hook 3,Small,Default Big,Basic Two handers off two,Under Basket Rim Pulls,Under Basket Regular,Big Man off Two,None,None,None,None,None,None,None,None,None,None,None,Right,Either,05-12-2020
8932,D'Angelo Russell,Ohio State,Dloading,Rewards,Pink Diamond Token Rewards,Brooklyn Nets,97,99,92,PG,SG,6'5",198,P&R Ball Handler,3 PT,Hand Off,None,Hot,Hot,Hot,Hot,Neutral,Hot,Hot,Hot,Neutral,Hot,Hot,Hot,Hot,Hot,94,97,94,97,88,98,95,25,75,88,74,54,75,95,93,93,84,70,98,85,82,93,94,92,94,92,65,86,85,91,84,82,70,85,70,72,25,97,0,80,70,25,5,65,60,60,45,35,75,0,23,60,11,16,73,25,55,55,80,85,50,20,26,45,10,40,15,15,15,15,5,60,30,30,25,50,25,35,30,35,25,60,30,60,30,0,30,40,25,90,35,90,90,0,25,25,25,35,45,30,5,0,0,0,0,55,8,6,31,10,0,20,0,0,0,0,0,70,35,20,80,0,55,37,17,55,99,HOF,None,HOF,HOF,Gold,None,None,HOF,None,HOF,None,None,Gold,None,Gold,None,HOF,HOF,HOF,HOF,Gold,HOF,None,HOF,None,HOF,HOF,Gold,HOF,None,HOF,Gold,HOF,HOF,None,HOF,HOF,HOF,Gold,None,HOF,Gold,None,HOF,HOF,Gold,Gold,HOF,Gold,None,HOF,HOF,Gold,Gold,HOF,None,None,None,Gold,None,None,Gold,None,Gold,None,None,Gold,Gold,Gold,None,None,None,Gold,None,None,None,None,Yes,Yes,None,Yes,None,None,None,None,None,None,None,Dangelo Russell,Dangelo Russell,Normal,Dangelo Russell,Normal,Normal 7,Normal 2,Shifty,Pro 5,Pro 5,Pro 5,Pro 5,Pro 5,Normal 3,Fade 3,Hook 2,Post Hop Shot 10,Shimmy Fade 1,Shimmy Hook 2,Small,Default Swing,Basic One handers off one,Rim Grazers off one,Rim Grazers off two,None,None,None,None,None,None,None,None,None,None,None,None,Left,Left,05-12-2020
8933,Michael Beasley,Kansas State, ,Rewards,Pink Diamond Token Rewards,Minnesota Timberwolves,97,99,93,PF,SF,6'9",235,Isolation,Post Up High,P&R Roll Man,Post Up Low,Hot,Hot,Hot,Hot,Hot,Hot,Hot,Hot,Hot,Hot,Neutral,Neutral,Neutral,Hot,97,92,88,98,87,95,95,90,97,92,84,82,84,90,91,91,90,84,95,95,75,85,86,78,59,84,84,89,85,92,88,88,90,90,74,80,25,97,85,100,100,100,20,10,75,0,0,0,65,63,48,75,19,26,55,20,55,45,20,60,15,50,5,60,5,5,0,0,20,35,65,20,50,5,0,15,0,60,55,65,25,0,0,0,0,0,0,0,0,99,75,80,80,45,5,50,50,60,70,5,50,0,45,10,0,40,19,0,61,83,0,0,0,0,0,0,0,25,0,0,65,0,25,40,40,65,50,HOF,None,HOF,HOF,HOF,None,Gold,HOF,HOF,None,HOF,Gold,HOF,Gold,HOF,HOF,Gold,None,HOF,Gold,Gold,Gold,Gold,HOF,HOF,HOF,HOF,HOF,None,HOF,None,Gold,Gold,HOF,None,HOF,HOF,None,Gold,Gold,None,HOF,None,Gold,None,Gold,HOF,Gold,None,Gold,HOF,HOF,Gold,None,None,None,None,HOF,HOF,Gold,Gold,Gold,Gold,Gold,None,HOF,HOF,Gold,HOF,Gold,None,None,HOF,HOF,None,None,None,None,Yes,None,None,None,None,None,None,None,None,None,Michael Beasley,Michael Beasley,Big,Free Throw 2,Normal,Normal 2,Normal 3,Base,Pro 2,Pro 3,Pro 1,Pro 3,Pro 3,Normal 5,Fade 7,Hook 3,Post Hop Shot 8,Shimmy Fade 15,Shimmy Hook 2,Small,Default Big,LeBron James,Side Arm Tomahawks,Athletic One handers off one,Straight Arm Tomahawks,Uber Athletic Tomahawks off one,Front Clutches,Back Scratchers off one,Windmills off one,Cradle Dunks,Baseline Reverses off one,Clutch reverses off One,Under Basket Athletic Flushes,Reverses off one,None,None,Left,Left,05-12-2020
8934,R.J. Barrett,Duke, ,Rewards,Pink Diamond Token Rewards,New York Knicks,97,99,94,SF,SG,6'7",210,Isolation,Post Up High,P&R Roll Man,Post Up Low,Hot,Neutral,Hot,Hot,Hot,Hot,Hot,Hot,Neutral,Neutral,Hot,Hot,Hot,Hot,94,92,94,95,85,95,92,70,95,87,59,72,75,85,94,95,95,64,95,80,80,92,86,79,66,84,70,92,90,94,92,89,72,95,65,70,25,97,40,95,95,100,20,25,50,0,0,0,20,0,45,65,22,57,21,15,55,55,35,75,35,60,25,10,0,40,8,0,30,30,75,35,0,55,0,5,15,40,50,55,55,15,0,15,0,0,0,15,0,75,65,75,80,0,10,35,35,45,55,35,50,5,50,15,5,65,16,23,50,39,40,0,15,25,25,15,20,30,30,0,70,20,63,70,37,60,30,HOF,None,HOF,HOF,HOF,None,None,HOF,HOF,None,None,None,HOF,None,HOF,HOF,HOF,Gold,HOF,HOF,Gold,HOF,None,HOF,Gold,HOF,HOF,HOF,None,None,None,Gold,HOF,Gold,None,HOF,HOF,None,Gold,Gold,None,HOF,None,None,None,None,Gold,Gold,Gold,None,HOF,Gold,None,None,None,None,None,None,HOF,Gold,Gold,Gold,Gold,None,None,HOF,Gold,Gold,HOF,None,None,None,HOF,HOF,None,None,None,None,Yes,None,None,None,None,None,None,None,None,None,Rudy Gay,Rudy Gay,Normal,Rudy Gay,Athletic,Normal 4,Normal 2,Slasher,Pro 2,Pro 8,Pro 4,Pro 8,Pro 8,Normal 5,Fade 8,Hook 2,Post Hop Shot 10,Shimmy Fade 15,Shimmy Hook 2,Small,Default Swing,Side Arm Tomahawks,Quick Drop-in Back Scratchers,Straight Arm Tomahawks,Back Scratchers off one,Athletic Front Tomahawks,Under Basket Athletic Flushes,Uber Athletic Tomahawks off one,Athletic One handers off two,Basic Hangs off two,Baseline Reverses off one,Clutch reverses off One,Reverses off two,Windmills off one,None,None,Left,Right,05-12-2020
4090,Joel Embiid,Kansas, ,'20 Current,Philadelphia 76ers,Philadelphia 76ers,88,86,86,C,,7'0",250,Post Up Low,P&R Roll Man,None,None,Hot,Neutral,Neutral,Neutral,Cold,Neutral,Neutral,Cold,Neutral,Neutral,Cold,Neutral,Neutral,Neutral,79,72,69,98,77,95,77,87,77,87,87,87,85,92,64,60,65,91,90,92,68,58,47,37,64,55,87,57,90,61,61,34,79,87,71,87,98,92,65,90,35,50,20,50,70,0,0,0,15,65,45,80,19,8,73,20,50,30,40,50,10,25,10,45,0,40,0,0,0,55,75,85,5,75,0,5,0,50,30,35,75,5,0,0,0,0,0,0,0,55,75,99,95,75,25,10,10,20,30,5,99,10,15,60,20,85,45,25,30,35,75,25,35,40,20,50,25,20,0,0,56,10,56,99,88,80,52,None,Gold,None,None,None,Silver,Gold,None,None,None,Silver,Gold,None,Silver,None,None,None,None,None,None,None,None,Silver,Silver,None,None,None,Bronze,Silver,Gold,Gold,None,None,None,None,None,None,None,None,Silver,None,None,Gold,Bronze,None,None,None,None,Bronze,Gold,None,None,Silver,None,None,Gold,Bronze,None,None,Silver,Gold,None,Gold,None,Gold,None,None,None,None,Gold,Bronze,Gold,None,None,Bronze,Yes,None,Yes,Yes,None,None,None,None,None,Yes,None,None,None,Jump Shot 47,Zach Lavine,Big,Free Throw 5,Normal,Normal 6,Normal 8,Big,Basic 2,Basic 1,Basic 1,Basic 3,Basic 1,Normal 6,Fade 9,Hook 3,Post Hop Shot 3,Shimmy Fade 8,Shimmy Hook 3,Small,Default Big,Basic Two handers off two,Under Basket Rim Pulls,Under Basket Regular,Big Man off Two,None,None,None,None,None,None,None,None,None,None,None,Right,Either,05-12-2020
7200,Ben Simmons,LSU, ,'20 Current,Philadelphia 76ers,Philadelphia 76ers,85,86,85,SF,PF,6'10",230,P&R Ball Handler,Guard Post Up,Hand Off,Isolation,Hot,Neutral,Neutral,Neutral,Cold,Neutral,Neutral,Neutral,Cold,Neutral,Neutral,Neutral,Neutral,Neutral,88,44,33,80,58,80,90,81,85,75,70,74,71,80,85,82,80,78,95,80,86,79,80,75,70,79,65,78,78,73,75,57,55,75,57,70,85,92,25,75,55,75,15,20,90,45,45,55,55,35,64,65,11,0,89,5,40,30,0,0,0,25,0,35,0,0,0,0,10,20,55,55,15,0,0,15,35,90,65,75,25,55,10,25,5,10,0,55,15,50,50,65,80,99,0,15,15,25,35,5,30,0,25,10,5,85,5,5,35,35,30,25,0,30,30,0,20,50,52,65,55,10,55,68,30,55,49,Gold,None,Silver,Gold,Gold,None,None,Gold,Bronze,None,Bronze,None,Silver,Silver,None,Bronze,Silver,None,None,None,None,None,None,Bronze,None,None,None,None,None,None,None,None,None,None,None,None,None,None,Silver,Silver,Silver,Silver,None,Gold,Silver,None,Silver,Silver,Silver,None,None,Bronze,Bronze,None,None,None,None,Bronze,Bronze,None,None,None,Bronze,Bronze,None,None,None,None,None,None,None,None,Bronze,Bronze,None,None,None,None,None,None,None,None,None,None,None,None,None,None,Ben Simmons,Ben Simmons,Normal,Ben Simmons,Athletic 7,Normal,Normal 9,Power,B. Simmons,Pro 8,Pro 2,Pro 8,Pro 8,Normal 8,Fade 3,Hook 3,Post Hop Shot 10,Shimmy Fade 14,Shimmy Hook 2,Small,B. Simmons,Ben Simmons,Side Arm Tomahawks,Athletic One handers off one,Straight Arm Tomahawks,Uber Athletic Tomahawks off one,Front Clutches,Back Scratchers off one,Windmills off one,Cradle Dunks,Baseline Reverses off one,Clutch reverses off One,Under Basket Athletic Flushes,Reverses off one,None,None,Left,Either,05-12-2020
1412,Al Horford,Florida, ,'20 Current,Philadelphia 76ers,Philadelphia 76ers,83,82,75,C,PF,6'10",245,Post Up Low,P&R Roll Man,Post Up High,None,Hot,Neutral,Hot,Neutral,Hot,Hot,Hot,Neutral,Hot,Hot,Neutral,Neutral,Hot,Cold,87,87,77,96,79,77,71,77,58,57,84,84,83,81,50,45,66,87,90,82,70,30,47,72,67,85,87,60,89,64,67,39,75,87,54,68,95,86,55,75,0,50,15,5,70,0,0,0,5,0,38,45,12,21,67,10,65,20,35,85,10,15,5,0,0,0,0,0,0,25,5,5,50,0,0,0,0,45,15,40,90,0,0,0,0,0,0,0,0,99,65,55,75,20,25,0,0,10,20,75,80,10,30,20,0,90,41,60,51,47,30,0,10,30,0,15,15,45,15,25,51,0,34,80,49,45,72,None,Silver,None,None,None,Bronze,Silver,None,None,None,None,Gold,None,Gold,None,None,None,None,Silver,None,None,Bronze,Bronze,None,None,Bronze,Bronze,Gold,None,Gold,Gold,None,None,None,None,None,None,None,None,Bronze,None,None,Silver,Silver,None,None,None,None,None,Bronze,None,None,None,None,None,Silver,Silver,None,None,Gold,Gold,None,Gold,None,Silver,None,None,None,None,Gold,None,Silver,None,None,None,None,None,None,None,None,None,None,None,None,None,Yes,None,Yes,Set Shot 5,Release 69,Big,Al Horford,Normal,Normal 5,Normal,Big,Normal 3,Basic 1,Basic 1,Basic 2,Basic 1,Normal 8,Fade 9,Hook 3,Post Hop Shot 3,Shimmy Fade 8,Shimmy Hook 3,Small,Default Big,Basic Two handers off one,Under Basket Rim Pulls,Under Basket Regular,Basic Two handers off two,Big Man off One,None,None,None,None,None,None,None,None,None,None,Right,Right,05-12-2020
2346,Tobias Harris,Tennessee, ,'20 Current,Philadelphia 76ers,Philadelphia 76ers,83,86,68,PF,SF,6'9",235,Post Up High,P&R Wing,Hand Off,Guard Post Up,Hot,Hot,Neutral,Neutral,Neutral,Neutral,Hot,Neutral,Cold,Hot,Hot,Neutral,Neutral,Hot,83,84,78,98,82,93,83,60,65,68,79,65,65,90,70,54,74,68,90,68,80,51,67,60,42,75,54,53,61,62,59,30,45,55,33,73,95,86,45,65,25,50,5,5,30,0,0,0,15,37,31,60,9,26,65,15,55,50,60,90,40,36,56,5,0,20,0,0,20,15,70,70,10,0,5,5,15,80,35,40,75,0,0,0,0,0,0,0,0,99,65,70,80,20,10,0,5,10,25,85,20,5,35,20,10,70,18,15,34,25,0,25,0,40,35,25,25,35,10,40,46,10,42,72,26,50,45,None,None,None,None,None,None,None,None,None,None,None,None,None,Bronze,None,None,None,Gold,Gold,None,Silver,Bronze,None,Silver,Bronze,Silver,Silver,Gold,None,Gold,Bronze,None,None,Bronze,Gold,Silver,Silver,None,Bronze,None,None,None,None,None,None,None,None,None,None,None,None,None,None,None,None,None,None,None,None,None,None,None,None,None,None,None,None,None,None,None,None,None,None,None,None,None,None,None,None,None,None,None,Yes,None,None,None,None,None,Set Shot 4,Harrison Barnes,Normal,Free Throw 6,Normal,Normal 2,Normal,Base,Normal 2,Normal 5,Normal 3,Normal 5,Normal 2,Normal 5,Fade 3,Hook 3,Post Hop Shot 8,Shimmy Fade 14,Shimmy Hook 2,Small,Default Swing,Basic Two handers off one,Rim Grazers off one,Basic One handers off one,Basic Two handers off one,Basic Two handers off two,Hangs off one,None,None,None,None,None,None,None,None,None,Right,Right,05-12-2020
4459,Josh Richardson,Tennessee, ,'20 Current,Philadelphia 76ers,Philadelphia 76ers,79,76,79,SF,SG,6'6",200,P&R Ball Handler,3 PT,Hand Off,None,Hot,Neutral,Neutral,Neutral,Hot,Neutral,Cold,Cold,Neutral,Hot,Neutral,Neutral,Neutral,Cold,71,77,75,97,82,91,74,46,81,60,28,26,44,81,76,79,68,53,76,81,80,75,74,65,62,64,45,81,81,83,78,39,47,81,32,43,95,83,0,70,0,25,5,20,40,0,0,0,10,0,26,30,7,46,47,20,45,45,45,99,35,26,35,25,10,20,5,0,0,15,5,5,50,0,0,0,0,55,50,55,95,15,15,20,0,0,15,15,0,99,45,55,60,0,35,0,0,5,15,99,5,0,0,0,0,10,3,9,30,11,0,15,0,0,0,0,0,25,25,35,72,20,46,65,36,55,60,None,None,None,None,None,None,None,None,None,None,None,None,None,None,None,None,None,None,Silver,None,None,None,None,None,Bronze,Silver,None,Bronze,None,None,None,None,None,None,Bronze,None,None,None,Bronze,None,None,None,None,None,None,None,None,None,None,None,None,None,None,None,None,None,None,None,Bronze,None,None,None,None,None,None,Silver,Silver,None,None,None,None,None,Bronze,Bronze,None,None,None,None,None,None,None,None,None,None,None,None,None,None,Jump Shot 33,Release 129,Normal,Free Throw 1,Stiff,Stiff,Stiff,Base,Normal 3,Normal 2,Normal 4,Normal 2,Normal 2,Normal 5,Fade 3,Hook 2,Post Hop Shot 8,Shimmy Fade 1,Shimmy Hook 2,Small,Default Swing,None,None,None,None,None,None,None,None,None,None,None,None,None,None,None,Right,Right,05-12-2020
2496,Mike Scott,Virginia, ,'20 Current,Philadelphia 76ers,Philadelphia 76ers,74,74,62,PF,,6'8",237,P&R Roll Man,Post Up Low,None,None,Hot,Neutral,Cold,Cold,Neutral,Neutral,Neutral,Neutral,Neutral,Hot,Neutral,Hot,Neutral,Neutral,54,80,81,90,65,68,67,68,83,56,66,61,63,68,42,42,61,71,79,86,80,42,42,37,30,40,65,63,61,63,50,34,40,48,39,66,95,75,55,75,35,50,15,0,15,0,0,0,5,0,24,50,6,55,39,20,55,20,40,80,25,35,25,0,0,0,0,0,0,20,5,5,50,0,0,0,0,45,50,65,55,0,0,0,0,0,0,0,0,99,60,60,65,20,50,0,0,10,20,99,35,0,55,10,5,70,34,17,0,36,0,0,0,35,15,45,20,40,0,0,50,10,68,78,48,75,85,None,None,None,None,None,None,None,None,None,None,None,None,None,None,None,None,None,None,None,None,Bronze,None,None,None,None,None,None,None,None,Silver,None,None,None,None,None,None,None,None,None,None,None,None,None,None,None,None,None,None,None,None,None,None,None,None,None,None,None,None,None,None,None,None,None,None,None,None,None,None,None,None,None,None,None,None,None,None,None,None,None,None,None,None,None,None,None,None,None,Yes,Jump Shot 1,Release 37,Big,Free Throw 6,Normal,Normal 7,Normal 5,Base,Basic 1,Basic 1,Basic 2,Basic 1,Basic 1,Normal 5,Fade 9,Hook 2,Post Hop Shot 3,Shimmy Fade 8,Shimmy Hook 3,Small,Default Big,Big Man off One,Under Basket Regular,Rim Grazers off one,Basic One handers off one,Basic Two handers off one,None,None,None,None,None,None,None,None,None,None,Right,Right,05-12-2020
2800,Raul Neto,Brazil, ,'20 Current,Philadelphia 76ers,Philadelphia 76ers,71,71,66,PG,,6'1",179,P&R Point,Hand Off,None,None,Hot,Neutral,Neutral,Neutral,Neutral,Neutral,Neutral,Neutral,Neutral,Neutral,Neutral,Neutral,Neutral,Neutral,70,70,72,90,81,36,70,25,25,60,31,39,36,77,67,71,64,47,78,81,79,66,75,71,70,72,36,72,62,71,76,38,38,66,28,52,95,72,0,0,0,25,5,35,75,45,35,20,55,0,44,35,20,46,34,5,40,35,35,75,30,15,30,0,0,0,0,0,0,60,5,5,50,0,0,40,25,65,55,50,95,55,0,0,0,0,0,0,0,50,15,55,60,0,35,10,10,20,30,99,0,0,0,0,0,10,0,0,58,0,0,20,0,0,0,0,0,60,0,0,80,40,84,79,26,55,76,None,None,None,None,None,None,None,None,None,None,None,None,None,None,None,None,None,None,None,None,None,None,None,None,None,None,None,None,None,None,None,None,None,None,None,None,None,None,Bronze,None,None,None,None,None,None,None,Bronze,Bronze,Bronze,None,Bronze,None,None,None,None,None,None,None,None,None,None,None,None,None,None,None,None,None,None,None,None,None,None,None,None,None,None,None,None,None,None,None,None,None,None,None,None,Yes,Set Shot 4,Release 63,Big,Free Throw 3,Stiff,Stiff 3,Stiff,Fundamental,Pro 2,Pro 3,Pro 5,Pro 3,Pro 3,Normal 1,Fade 9,Hook 1,Post Hop Shot 3,Shimmy Fade 8,Shimmy Hook 3,Small,Fundamental,Big Man off Two,Under Basket Regular,Basic Two handers off two,Big Man Tomahawks off One,None,None,None,None,None,None,None,None,None,None,None,Right,Right,05-12-2020
2502,Kyle O'Quinn,Norfolk State, ,'20 Current,Philadelphia 76ers,Philadelphia 76ers,73,69,71,C,,6'10",250,P&R Roll Man,Post Up Low,None,None,Hot,Neutral,Hot,Neutral,Neutral,Neutral,Hot,Neutral,Neutral,Neutral,Neutral,Neutral,Neutral,Neutral,86,84,36,90,77,41,53,61,58,54,56,56,54,64,34,25,71,79,74,81,90,31,43,35,67,58,65,33,60,50,55,36,84,51,65,83,95,74,70,75,5,25,40,5,25,0,0,0,15,0,50,35,32,11,57,15,35,10,5,50,0,10,0,10,0,0,0,0,0,5,15,0,65,0,0,0,0,30,45,55,95,0,0,0,0,0,0,0,0,99,65,50,55,55,0,5,5,15,25,85,20,0,0,15,0,40,11,14,22,0,25,0,0,35,0,30,30,30,10,0,54,10,47,68,82,99,60,None,Bronze,None,None,None,None,None,None,None,None,None,Silver,None,Bronze,None,None,None,None,None,None,None,None,None,None,None,None,None,None,None,Bronze,None,None,None,None,None,None,None,None,None,None,None,None,None,None,None,None,None,None,None,None,None,None,None,None,None,Silver,Bronze,None,None,None,None,None,None,None,None,None,None,None,None,None,Bronze,None,None,None,Silver,None,None,None,Yes,None,None,None,None,None,None,None,None,None,Jump Shot 1,Release 37,Big,Free Throw 6,Normal,Normal 7,Normal 5,Big,Normal 4,Basic 1,Basic 1,Basic 2,Basic 1,Normal 8,Fade 9,Hook 3,Post Hop Shot 3,Shimmy Fade 8,Shimmy Hook 3,Small,Default Big,Under Basket Rim Pulls,Under Basket Regular,Basic Two handers off two,Big Man off Two,Big Man off One,Big Man Tomahawks off One,None,None,None,None,None,None,None,None,None,Right,Right,05-12-2020
7539,Jonah Bolden,UCLA, ,'20 Current,Philadelphia 76ers,Philadelphia 76ers,72,69,71,PF,,6'10",220,Post Up Low,P&R Roll Man,Post Up High,None,Hot,Neutral,Neutral,Neutral,Neutral,Neutral,Neutral,Neutral,Neutral,Cold,Hot,Cold,Cold,Hot,66,64,71,90,42,34,64,64,64,38,53,50,48,74,59,61,71,63,78,74,84,50,53,49,30,60,66,52,68,58,63,35,77,39,58,67,95,76,60,65,0,50,35,20,25,0,0,0,15,68,55,35,24,55,21,15,55,40,40,60,35,36,35,0,5,0,0,0,0,40,5,5,50,0,0,0,0,40,20,40,90,0,0,0,0,0,0,0,0,99,45,60,65,25,25,0,0,0,0,99,10,5,55,0,0,65,20,15,31,42,10,0,10,30,20,20,20,55,10,0,51,60,37,55,29,75,72,None,None,None,None,None,None,None,None,None,None,None,Bronze,None,None,None,None,None,None,None,None,None,None,None,None,None,None,None,None,None,None,None,None,None,None,None,None,None,None,None,None,None,None,None,None,None,None,None,None,None,None,None,None,None,None,None,None,None,Bronze,None,None,None,None,None,None,None,None,None,None,Bronze,None,Silver,None,None,None,None,None,None,None,None,None,None,None,Yes,None,None,None,None,None,Dion Waiters,Release 76,Normal,Zach Randolph,Stiff,Stiff,Stiff,Big,Normal 1,Normal 4,Normal 4,Normal 4,Normal 1,Normal 8,Fade 3,Hook 3,Post Hop Shot 5,Shimmy Fade 14,Shimmy Hook 2,Small,Default Big,Basic One handers off two,Basic Hangs off two,Under Basket Rim Pulls,Big Man off One,Big Man Tomahawks off two,Hangs off one,Big Man off Two,None,None,None,None,None,None,None,None,Right,Right,05-12-2020
7715,Zhaire Smith,Texas Tech, ,'20 Current,Philadelphia 76ers,Philadelphia 76ers,71,72,75,SG,,6'4",199,P&R Wing,Hand Off,Cutter,None,Neutral,Neutral,Neutral,Neutral,Neutral,Neutral,Neutral,Neutral,Neutral,Neutral,Neutral,Neutral,Neutral,Neutral,58,65,70,90,66,34,66,34,84,47,38,29,45,74,85,84,85,57,79,79,80,63,64,60,40,42,49,65,62,75,64,51,47,44,33,42,95,78,0,45,0,90,15,10,50,0,0,0,15,0,40,20,16,61,23,15,55,50,15,65,40,15,20,0,0,0,0,0,0,5,5,5,50,0,0,0,0,40,25,45,95,15,0,0,0,0,0,15,0,80,15,45,45,0,35,0,0,10,20,99,0,0,0,0,0,10,6,3,0,11,0,0,0,0,0,0,0,45,10,15,95,60,62,86,30,50,40,None,None,None,None,None,None,None,None,Bronze,None,None,None,None,None,None,None,None,None,None,None,None,None,None,None,None,None,None,None,None,None,None,None,None,None,None,None,None,None,None,None,None,None,None,None,None,None,None,None,None,None,None,None,None,None,None,None,None,None,None,None,None,None,None,Bronze,None,None,None,None,Bronze,None,None,None,None,None,None,None,None,None,None,None,None,None,None,None,None,None,None,Yes,Jump Shot 86,Release 151,Normal,Free Throw 37,Normal,Normal 2,Normal 7,Base,Normal 2,Normal 4,Normal 2,Normal 4,Normal 1,Normal 3,Fade 3,Hook 2,Post Hop Shot 8,Shimmy Fade 1,Shimmy Hook 2,Small,Default Swing,Rim Grazers off one,Basic One handers off one,Basic Two handers off one,Basic Two handers off two,None,None,None,None,None,None,None,None,None,None,None,Right,Right,05-12-2020
2803,James Ennis,Long Beach State, ,'20 Current,Philadelphia 76ers,Philadelphia 76ers,72,71,65,SF,PF,6'7",210,P&R Ball Handler,Hand Off,3 PT,None,Hot,Neutral,Neutral,Neutral,Neutral,Neutral,Neutral,Neutral,Neutral,Hot,Cold,Cold,Neutral,Neutral,65,76,71,90,66,44,72,64,66,54,42,47,51,69,46,51,61,52,74,69,80,44,62,59,25,66,62,66,66,63,64,40,50,59,45,46,95,73,0,55,0,50,20,5,65,0,0,0,15,0,53,15,8,78,14,5,50,45,35,75,50,20,20,0,0,0,0,0,0,35,5,5,50,0,0,0,0,40,35,25,95,5,0,0,0,0,0,0,0,50,50,50,55,55,15,0,0,5,15,99,5,0,0,0,0,15,0,0,0,0,0,0,0,35,0,0,0,30,15,20,45,10,65,79,23,60,76,None,None,None,None,None,None,None,None,None,None,None,None,None,None,None,None,None,None,None,None,None,None,None,None,None,None,Bronze,None,None,None,None,None,None,None,None,None,None,None,None,None,None,None,None,None,None,None,None,None,None,None,None,None,Bronze,None,None,None,None,None,None,None,None,None,None,None,None,None,None,None,None,None,None,None,None,None,None,None,None,None,None,None,None,None,None,None,None,None,None,Yes,Set Shot 4,Release 63,Big,Free Throw 3,Stiff,Stiff 3,Stiff,Base,Normal 3,Normal 3,Normal 1,Normal 3,Normal 3,Normal 5,Fade 9,Hook 2,Post Hop Shot 3,Shimmy Fade 8,Shimmy Hook 3,Small,Default Big,Big Man off Two,Under Basket Regular,Basic Two handers off two,Big Man Tomahawks off One,None,None,None,None,None,None,None,None,None,None,None,Right,Right,05-12-2020
4741,Furkan Korkmaz,Turkey, ,'20 Current,Philadelphia 76ers,Philadelphia 76ers,72,72,65,SF,SG,6'7",190,P&R Roll Man,Post Up Low,None,None,Hot,Neutral,Neutral,Neutral,Neutral,Neutral,Neutral,Neutral,Neutral,Neutral,Neutral,Neutral,Neutral,Neutral,72,62,71,90,78,65,71,35,70,55,40,25,55,83,65,64,75,45,80,76,80,59,68,49,37,60,35,59,51,64,57,54,25,40,33,56,95,75,0,45,32,50,5,20,60,38,45,49,60,0,37,20,18,54,28,15,50,50,75,85,55,30,35,15,0,0,10,10,0,19,5,5,50,5,0,0,0,40,25,15,52,25,5,15,0,0,0,20,5,75,25,50,55,0,75,0,0,0,0,95,0,5,0,0,0,10,0,0,15,25,0,10,5,15,0,0,0,50,23,0,59,0,62,62,53,99,48,None,None,None,None,None,None,None,None,None,None,None,None,None,None,None,None,None,None,None,None,None,None,None,None,None,None,None,None,None,None,None,None,None,None,None,None,None,None,None,None,None,None,None,None,None,None,None,None,None,None,None,None,None,None,None,None,None,None,None,None,None,None,None,None,None,None,None,None,None,None,None,None,None,None,None,None,None,None,None,None,None,None,None,None,None,None,None,None,Set Shot 4,Release 38,Normal,Free Throw 1,Stiff,Stiff 2,Stiff,Slasher,Normal 1,Normal 6,Normal 4,Normal 6,Normal 3,Normal 5,Fade 1,Hook 2,Post Hop Shot 6,Shimmy Fade 1,Shimmy Hook 2,Small,Default Swing,Big Man off Two,Under Basket Regular,Big Man off One,None,None,None,None,None,None,None,None,None,None,None,None,Right,Right,05-12-2020
7839,Matisse Thybulle,Washington, ,'20 Current,Philadelphia 76ers,Philadelphia 76ers,71,65,75,SG,SF,6'6",200,P&R Point,Hand Off,Isolation,None,Neutral,Neutral,Neutral,Neutral,Neutral,Neutral,Neutral,Neutral,Neutral,Neutral,Neutral,Neutral,Neutral,Neutral,57,61,65,90,78,28,63,28,48,33,40,45,45,73,69,71,63,52,68,77,80,62,64,61,46,61,53,75,73,80,76,77,66,53,33,41,95,80,0,55,15,50,45,5,15,0,0,0,25,0,39,5,17,61,22,0,30,30,10,60,10,0,0,0,0,0,0,0,0,35,5,0,85,0,0,0,0,20,10,10,95,15,0,0,0,0,0,15,0,95,5,25,30,70,0,0,0,0,0,99,5,0,0,0,0,5,0,0,0,8,0,0,0,35,0,0,0,35,5,20,70,10,65,69,43,60,52,None,None,None,None,None,None,None,None,None,None,None,None,None,None,None,None,None,None,None,None,None,None,None,None,None,None,None,None,None,None,None,None,None,None,None,None,None,None,None,None,None,None,None,None,None,None,None,None,None,None,None,None,None,None,None,None,None,None,None,None,Bronze,Bronze,None,Bronze,None,Bronze,None,Bronze,None,None,None,None,None,Bronze,None,None,None,None,None,None,None,None,None,None,None,None,None,Yes,Jump Shot 20,Release 29,Normal,Free Throw 1,Normal,Normal,Normal 7,Base,Normal 2,Normal 6,Normal 4,Normal 6,Normal 3,Normal 5,Fade 3,Hook 2,Post Hop Shot 8,Shimmy Fade 1,Shimmy Hook 2,Small,Default Big,Basic Two handers off two,Under Basket Regular,Rim Grazers off two,Basic One handers off two,Athletic One handers off two,Basic Hangs off two,Uber Athletic Tomahawks off two,Reverses off two,Baseline Reverses off two,None,None,None,None,None,None,Right,Right,05-12-2020
7753,Shake Milton,Southern Methodist, ,'20 Current,Philadelphia 76ers,Philadelphia 76ers,70,71,66,SG,SF,6'6",207,P&R Point,Hand Off,Isolation,None,Hot,Neutral,Neutral,Neutral,Neutral,Neutral,Neutral,Neutral,Neutral,Neutral,Cold,Neutral,Hot,Neutral,64,70,72,90,75,55,72,25,55,44,35,41,39,65,72,74,72,33,75,65,80,72,71,65,35,66,25,54,53,69,45,37,57,35,38,45,95,75,0,70,0,25,5,25,50,55,35,5,50,0,38,55,16,63,21,35,35,35,40,60,25,35,10,0,0,0,0,0,10,10,5,5,50,0,0,50,5,65,65,70,0,25,35,45,0,0,15,35,15,99,30,52,52,0,0,0,0,0,30,99,0,0,0,0,0,10,0,0,0,0,0,20,0,0,0,0,0,70,35,45,90,62,84,69,69,55,20,None,None,None,None,None,None,None,None,None,None,None,None,None,None,None,None,None,None,Bronze,None,None,None,None,None,None,None,None,None,None,None,None,None,None,None,None,None,None,None,None,None,None,None,None,None,None,None,None,None,None,None,None,None,None,None,None,None,None,None,None,None,None,None,None,None,None,None,None,None,None,None,None,None,None,None,None,None,None,None,None,None,None,None,None,None,None,None,None,Yes,Isaiah Canaan,Release 104,Normal,Free Throw 1,Athletic 9,Normal 2,Normal 3,Base,Pro 1,Pro 6,Pro 6,Pro 6,Pro 6,Normal 5,Fade 1,Hook 1,Post Hop Shot 10,Shimmy Fade 9,Shimmy Hook 2,Small,Default Small,Basic Two handers off one,Rim Grazers off one,Basic One handers off one,None,None,None,None,None,None,None,None,None,None,None,None,Right,Left,05-12-2020
8260,Yuta Watanabe,George Washington, ,Premium,2K20 Promo,Memphis Grizzlies,89,92,78,SF,PF,6'9",205,P&R Wing,Hand Off,Cutter,3 PT,C,Neutral,Neutral,Neutral,Neutral,Neutral,Neutral,Neutral,Neutral,Neutral,Neutral,Neutral,Neutral,Neutral,85,84,78,50,75,40,66,40,60,44,45,40,43,75,67,67,74,60,80,85,80,65,69,60,42,63,63,58,66,71,60,38,54,50,37,69,85,89,25,70,35,50,15,25,30,0,0,0,10,13,27,30,2,11,7,5,40,35,30,60,20,26,30,5,0,15,5,0,0,5,45,45,25,0,0,0,15,55,75,75,0,10,0,0,0,0,0,15,0,80,40,50,55,75,0,0,0,10,20,99,10,0,25,20,20,75,29,26,34,22,0,0,0,35,15,0,0,25,25,55,70,72,61,64,19,60,45,HOF,HOF,HOF,HOF,HOF,HOF,HOF,HOF,HOF,HOF,HOF,HOF,HOF,HOF,HOF,HOF,HOF,HOF,HOF,HOF,HOF,HOF,HOF,HOF,HOF,HOF,HOF,HOF,HOF,HOF,HOF,HOF,HOF,HOF,HOF,HOF,HOF,HOF,HOF,HOF,HOF,HOF,HOF,HOF,HOF,HOF,HOF,HOF,HOF,HOF,HOF,HOF,HOF,HOF,HOF,HOF,HOF,HOF,HOF,HOF,HOF,HOF,HOF,HOF,HOF,HOF,HOF,HOF,HOF,HOF,HOF,HOF,HOF,HOF,HOF,None,None,None,None,None,None,None,None,None,None,None,None,None,Jump Shot 20,Release 25,Normal,Free Throw 1,Normal,Normal,Normal,Base,Normal 1,Normal 4,Normal 2,Normal 4,Normal 1,Normal 5,Fade 3,Hook 2,Post Hop Shot 8,Shimmy Fade 1,Shimmy Hook 2,Small,Default Swing,Basic One handers off two,Under Basket Regular,Rim Grazers off one,Basic One handers off one,Quick Drops off two,Leaning Slams,None,None,None,None,None,None,None,None,None,Left,Left,05-13-2020
8248,Larry Bird,Indiana State,Larry Legend,Rewards,MTU Player of the Month,Boston Celtics,94,95,88,SF,PF,6'9",220,Mid Range,Post Up Low,3 PT,P&R Ball Handler,Hot,Hot,Hot,Hot,Hot,Hot,Hot,Hot,Hot,Neutral,Hot,Neutral,Hot,Hot,93,93,93,90,92,90,85,40,45,85,85,60,88,80,79,78,80,75,97,98,95,78,80,80,80,82,70,85,84,82,85,60,47,85,84,85,98,98,0,85,45,30,46,8,45,62,61,70,69,62,35,35,4,3,6,99,75,55,20,65,55,55,55,15,0,35,0,0,10,75,84,76,15,85,25,50,41,77,55,35,50,50,20,40,0,1,50,10,50,53,60,80,90,55,10,0,5,25,55,15,55,45,70,35,15,75,0,0,75,75,28,20,20,70,25,45,33,73,99,50,74,13,81,29,29,26,30,Gold,None,None,None,None,None,None,None,None,None,None,None,None,Gold,Gold,None,None,None,HOF,None,HOF,None,None,Gold,None,None,None,None,None,Gold,None,None,None,HOF,HOF,None,None,None,None,None,Gold,None,None,None,Bronze,None,None,None,None,None,None,None,None,None,None,None,None,None,None,None,None,None,None,None,None,None,Gold,None,None,None,None,None,None,None,None,Yes,None,None,Yes,None,None,None,None,None,None,None,None,None,Larry Bird,Larry Bird,Normal,Larry Bird,Normal,Stiff 3,Stiff,Base,Pro 2,Pro 7,Pro 1,Pro 7,Pro 7,Normal 5,Fade 3,Hook 1,Post Hop Shot 8,Shimmy Fade 1,Shimmy Hook 2,Small,Circus,Rim Grazers off one,Basic Two handers off one,Under Basket Regular,None,None,None,None,None,None,None,None,None,None,None,None,Right,Right,05-13-2020
8249,Amar'e Stoudemire,Cypress Creek (HS),Amar'e,Rewards,MTU Player of the Month,Phoenix Suns,96,98,91,PF,C,6'10",245,Post Up Low,Post Up High,P&R Roll Man,None,Hot,Hot,Hot,Hot,Hot,Hot,Hot,Hot,Hot,Hot,Neutral,Neutral,Neutral,Hot,96,94,81,94,77,98,84,95,96,89,94,90,92,98,85,74,95,85,90,85,90,40,54,52,34,60,85,44,84,59,80,78,82,85,92,94,75,96,90,100,100,80,15,30,30,15,35,40,5,80,49,40,6,3,2,35,68,72,0,0,62,20,77,0,6,20,2,4,4,15,55,0,75,0,10,10,80,40,40,40,51,0,0,0,0,0,0,0,0,75,60,58,83,50,0,3,29,44,88,3,55,5,35,15,0,41,30,5,25,0,8,0,0,15,0,0,0,34,15,0,69,45,68,78,72,62,77,None,Gold,Gold,Gold,None,Gold,Gold,None,Gold,None,HOF,Gold,None,HOF,Silver,HOF,None,None,Gold,None,None,None,Gold,None,None,Gold,None,Gold,None,Gold,None,Gold,None,None,None,None,None,None,None,Gold,None,None,Gold,None,None,None,None,None,None,Gold,None,None,None,None,None,Gold,Gold,Gold,None,None,None,None,None,None,None,None,None,None,HOF,None,None,None,None,None,Gold,Yes,None,None,None,None,None,None,None,None,None,None,None,None,Amare Stoudemire,Amare Stoudemire,Big,Free Throw 59,Normal,Normal 3,Normal 6,Base,Normal 3,Basic 1,Basic 2,Basic 1,Basic 1,Normal 8,Fade 3,Hook 3,Post Hop Shot 6,Shimmy Fade 1,Shimmy Hook 2,Small,Dominant Big,Athletic One handers off two,Basic Two handers off one,Big Man Baseline Reverses,Basic One handers off one,Big Man off One,Under Basket Regular,None,None,None,None,None,None,None,None,None,Right,Right,05-13-2020
8250,Clyde Drexler,Houston,The Glide,Rewards,MTU Player of the Month,Houston Rockets,96,99,94,SG,SF,6'7",210,Isolation,Mid Range,Guard Post Up,3 PT,Hot,Hot,Hot,Hot,Hot,Hot,Hot,Hot,Hot,Neutral,Neutral,Neutral,Neutral,Neutral,96,95,87,98,88,95,96,75,98,95,70,45,83,98,94,94,97,60,98,95,98,88,86,74,68,79,60,87,86,87,88,88,60,90,60,64,70,97,76,100,100,95,67,31,96,94,93,92,83,93,30,74,4,4,5,84,76,23,60,60,35,84,25,90,4,33,5,5,11,26,85,85,10,66,99,71,0,90,90,90,42,99,80,21,10,30,50,25,99,41,65,99,99,80,15,2,17,25,50,3,40,55,40,55,40,65,50,15,50,50,40,25,25,75,65,50,38,72,63,40,75,19,76,23,23,35,25,HOF,None,HOF,HOF,Gold,None,None,Gold,HOF,Gold,Gold,None,HOF,None,HOF,HOF,Gold,Gold,Gold,None,None,Gold,None,Gold,Gold,Gold,None,Gold,None,None,None,Gold,None,None,None,None,Gold,None,None,Gold,None,Gold,None,None,None,None,None,None,None,None,Gold,Gold,Gold,None,None,None,None,Gold,None,None,None,None,None,None,None,None,None,None,HOF,None,None,None,None,None,None,Yes,None,None,None,None,None,None,None,None,None,None,None,None,Jump Shot 8,Release 75,Normal,Free Throw 37,Athletic 2,Normal 5,Normal 8,Base,Normal 1,Normal 6,Normal 4,Normal 6,Normal 3,Normal 5,Fade 3,Hook 2,Post Hop Shot 8,Shimmy Fade 1,Shimmy Hook 2,Small,Default Swing,Clyde Drexler,Basic One handers off two,Athletic One handers off one,Basic One handers off one,Leaning Slams,Back Scratchers off one,Reverses off one,Baseline Reverses off one,Leaning Windmills,Under Basket Athletic Flushes,Cоck Back Tomahawks,Front Clutches,Basic Two handers off one,None,None,Right,Right,05-13-2020
8251,Baron Davis,UCLA, ,Rewards,MTU Player of the Month,Golden State Warriors,96,99,95,PG,SG,6'3",195,P&R Ball Handler,Isolation,3 PT,P&R Point,Hot,Hot,Hot,Hot,Hot,Hot,Hot,Hot,Hot,Neutral,Hot,Hot,Hot,Hot,94,94,85,90,88,90,95,25,90,87,42,38,39,80,94,94,95,72,98,95,98,94,92,94,88,92,25,89,88,89,96,97,40,90,55,62,70,96,40,100,100,75,5,15,85,85,80,85,90,99,36,35,4,2,3,65,80,34,95,65,40,40,20,60,4,15,3,5,10,20,20,5,35,40,60,20,20,84,84,84,52,35,25,45,15,35,15,35,25,90,70,90,95,0,55,3,27,40,80,2,0,0,0,0,0,0,0,0,25,0,0,0,0,0,0,0,0,78,45,30,82,66,80,65,34,40,20,Gold,None,Gold,HOF,None,None,None,Silver,Gold,HOF,None,None,Gold,None,Gold,Gold,Gold,Gold,Gold,Gold,Silver,Gold,None,Gold,None,Gold,Gold,Gold,None,None,Gold,Gold,Gold,Gold,Silver,Silver,Gold,Gold,Gold,None,Silver,Gold,None,Gold,HOF,Gold,Gold,Silver,Silver,None,HOF,Gold,Gold,Silver,HOF,None,None,None,Gold,Silver,Gold,HOF,None,None,None,Gold,Gold,HOF,Gold,None,None,None,Gold,HOF,None,Yes,None,None,Yes,None,None,None,None,None,None,None,None,None,Damian Lillard,Damian Lillard,Normal,Damian Lillard,Normal,Normal 7,Normal,Base,Pro 2,Pro 3,Pro 5,Pro 3,Pro 3,Normal 3,Fade 1,Hook 1,Post Hop Shot 10,Shimmy Fade 9,Shimmy Hook 2,Small,Default Small,Athletic One handers off two,Athletic One handers off one,Side Arm Tomahawks,Cоck Back Tomahawks,Front Clutches,Athletic Side Tomahawks,Uber Athletic Tomahawks off two,Front Clutches off two,Windmill Reverses,Switcheroos,Baseline Reverses off two,Windlmill Baseline Reverses,Windmills off one,Athletic Windmills,Athletic 360s,Right,Right,05-13-2020
8252,Dirk Nowitzki,Germany,Dirk,Rewards,MTU Player of the Month,Dallas Mavericks,97,99,90,PF,C,7'0",245,Post Up High,P&R Roll Man,Mid Range,None,Hot,Hot,Hot,Hot,Hot,Hot,Hot,Hot,Hot,Hot,Neutral,Hot,Hot,Hot,94,96,95,98,90,98,84,65,50,75,97,84,99,95,73,73,75,85,95,90,80,59,57,60,51,74,88,64,84,60,85,40,84,80,88,90,40,97,95,95,65,10,25,20,10,30,35,50,60,67,49,35,6,3,2,75,86,62,55,40,40,99,20,40,6,30,2,4,4,45,55,0,75,0,0,30,70,40,40,40,50,0,0,0,0,0,0,0,0,75,60,88,95,10,15,2,25,38,76,3,77,50,35,35,15,66,15,0,70,70,58,30,80,5,5,5,18,51,15,0,54,58,52,60,62,40,20,None,Gold,Gold,Gold,Gold,None,None,None,None,None,None,Gold,None,Gold,None,None,None,None,HOF,HOF,HOF,HOF,HOF,Gold,HOF,HOF,Gold,Gold,None,Gold,Gold,Gold,HOF,None,Gold,HOF,HOF,None,None,Gold,None,None,HOF,None,None,None,None,None,None,Gold,None,None,None,None,None,Gold,Gold,None,None,None,None,None,None,None,Gold,None,None,None,None,None,None,None,None,None,None,Yes,None,None,None,None,Yes,None,None,None,None,Yes,None,None,Dirk Nowitzki,Dirk Nowitzki,Dirk Nowitzki,Dirk Nowitzki,Dirk Nowitzki,Dirk Nowitzki,Dirk Nowitzki,Big,Normal 4,Normal 1,Normal 3,Normal 1,Normal 1,Normal 6,Fade 12,Hook 3,Post Hop Shot 9,Shimmy Fade 16,Shimmy Hook 2,Small,Default Big,Big Man Back Scratchers,Under Basket Regular,Under Basket Rim Pulls,Big Man Baseline Reverses,Big Man Windmills,Basic One handers off two,Big Man off Two,Hangs off one,Basic Two handers off one,Cоck Back Tomahawks,Basic Two handers off two,None,None,None,None,Right,Right,05-13-2020
8253,Julius Erving,Massachusetts,Dr. J,Rewards,Galaxy Opal Rewards,Philadelphia 76ers,99,99,99,SF,SG,6'6",200,Isolation,Post Up Low,Mid Range,Post Up High,Hot,Hot,Hot,Hot,Hot,Hot,Hot,Neutral,Hot,Hot,Neutral,Neutral,Hot,Neutral,98,98,94,98,95,98,98,95,99,95,85,89,92,95,97,97,99,87,98,95,95,92,92,92,82,92,85,95,95,96,95,97,80,95,89,89,98,99,70,100,100,85,25,35,99,93,92,90,95,93,35,71,4,3,6,68,64,70,11,70,60,35,30,3,4,15,6,3,9,30,15,15,40,30,50,30,20,85,4,3,53,40,40,50,15,0,25,35,20,99,70,93,95,99,6,5,4,10,5,3,79,40,35,15,5,35,50,50,50,50,23,30,30,25,25,15,23,58,65,78,68,58,64,70,70,60,30,HOF,None,HOF,HOF,HOF,None,None,HOF,HOF,Gold,HOF,None,HOF,HOF,HOF,HOF,HOF,HOF,HOF,HOF,Gold,HOF,None,HOF,None,HOF,HOF,HOF,None,Gold,None,Gold,Gold,Gold,None,HOF,HOF,Gold,None,HOF,Gold,HOF,None,Gold,Gold,Gold,HOF,None,None,None,HOF,HOF,Gold,Gold,HOF,None,None,HOF,HOF,Gold,Gold,HOF,Gold,HOF,None,HOF,HOF,HOF,HOF,Gold,None,None,HOF,HOF,None,Yes,None,None,None,None,None,None,None,None,None,None,None,None,Rudy Gay,Rudy Gay,Normal,Rudy Gay,Athletic,Normal 4,Normal 2,Base,Pro 2,Pro 5,Pro 1,Pro 5,Pro 5,Normal 5,Fade 8,Hook 2,Post Hop Shot 10,Shimmy Fade 1,Shimmy Hook 2,Small,Circus,Straight Arm Tomahawks,Clutch reverses off One,Reverses off one,Uber Athletic Tomahawks off one,Athletic One handers off one,Side Clutches off One,Back Scratchers off one,Under Basket Athletic Flushes,Cradle Dunks,Basic Two handers off one,Cоck Back Tomahawks,Athletic Windmills,Athletic 360s,Uber Athletic Tomahawks off two,Under Basket Rim Pulls,Right,Right,05-13-2020
9200,Bob McAdoo,North Carolina, ,Premium,Spotlight Sim,Los Angeles Clippers,99,99,99,C,PF,6'9",210,P&R Roll Man,Post Up Low,Post Up High,None,Hot,Hot,Hot,Hot,Hot,Hot,Hot,Hot,Hot,Neutral,Neutral,Neutral,Neutral,Neutral,98,94,82,90,88,98,98,98,97,95,97,97,94,97,95,95,97,90,98,98,85,94,86,89,84,85,92,92,95,90,92,85,95,95,98,99,25,99,100,100,100,75,76,25,45,25,20,0,0,82,0,5,0,0,0,20,80,25,50,25,38,0,35,0,0,30,0,0,0,55,5,5,85,55,44,25,67,80,0,0,47,25,25,0,0,0,0,0,25,50,70,99,68,0,0,0,0,0,0,0,39,20,5,15,0,0,50,50,50,50,10,5,5,65,0,0,0,50,80,35,72,55,80,25,25,38,35,HOF,HOF,HOF,HOF,Gold,Gold,HOF,HOF,HOF,HOF,HOF,HOF,HOF,HOF,HOF,Gold,HOF,None,Gold,None,None,None,HOF,Gold,HOF,HOF,HOF,HOF,None,HOF,Gold,HOF,None,None,None,None,None,None,None,Gold,HOF,HOF,HOF,None,Gold,Gold,Gold,Gold,None,HOF,HOF,None,HOF,HOF,None,HOF,HOF,HOF,HOF,Gold,Gold,Gold,HOF,Gold,HOF,Gold,HOF,Gold,HOF,HOF,HOF,HOF,HOF,HOF,HOF,Yes,None,None,None,None,None,None,None,None,None,None,None,None,Jump Shot 5,Release 3,Normal,Pau Gasol,Normal 6,Normal 6,Normal,Slasher,Normal 1,Normal 1,Normal 1,Normal 1,Normal 1,Normal 5,Big,Hook 2,Post Hop Shot 10,Shimmy Fade 2,Shimmy Hook 2,Small,L. James,Athletic One handers off two,Athletic One handers off one,Side Arm Tomahawks,Cоck Back Tomahawks,Front Clutches,Athletic Side Tomahawks,Uber Athletic Tomahawks off two,Front Clutches off two,Windmill Reverses,Under Basket Athletic Flushes,Baseline Reverses off two,Windlmill Baseline Reverses,Windmills off one,Athletic Windmills,Athletic 360s,Right,Left,05-13-2020
9201,Kelly Tripucka,Notre Dame, ,Premium,Spotlight Sim,Detroit Pistons,98,99,96,SG,SF,6'6",220,Mid Range,3 PT,P&R Wing,None,Hot,Hot,Hot,Neutral,Hot,Hot,Hot,Hot,Hot,Hot,Hot,Hot,Hot,Hot,92,97,95,97,96,98,92,45,80,88,67,64,51,99,92,92,50,99,98,89,95,80,86,90,59,89,80,94,92,95,92,92,52,95,58,69,25,98,40,90,57,85,33,40,57,64,70,58,64,64,38,63,17,59,24,79,61,5,38,38,55,79,5,6,4,1,5,5,11,41,77,56,28,18,39,40,48,50,50,50,55,39,39,20,0,0,0,20,36,64,50,90,90,18,0,1,10,16,31,3,0,0,0,0,0,0,0,50,50,0,0,0,0,0,0,0,0,54,68,40,62,27,61,5,5,55,5,HOF,Gold,HOF,HOF,HOF,None,Gold,HOF,Gold,None,Gold,None,HOF,None,HOF,Gold,HOF,Gold,HOF,HOF,HOF,HOF,Gold,HOF,HOF,HOF,HOF,HOF,HOF,Gold,Gold,HOF,HOF,HOF,None,HOF,HOF,Gold,None,None,None,HOF,None,None,None,Gold,Gold,Gold,None,None,HOF,Gold,Gold,HOF,Gold,None,None,None,HOF,None,Gold,Gold,Gold,None,Gold,Gold,HOF,Gold,Gold,None,None,None,HOF,HOF,None,None,None,None,None,None,None,None,None,None,None,None,None,None,Jump Shot 35,Release 39,Normal,Free Throw 2,Normal,Normal 3,Normal 6,Base,Pro 2,Pro 2,Pro 4,Pro 2,Pro 2,Normal 3,Fade 3,Hook 2,Post Hop Shot 8,Shimmy Fade 1,Shimmy Hook 2,Small,Default Swing,Basic Two handers off one,Hangs off one,Athletic One handers off one,Under Basket Rim Pulls,Under Basket Athletic Flushes,Basic Hangs off two,Side Arm Tomahawks,Back Scratchers off two,Basic Two handers off two,Front Clutches off two,Straight Arm Tomahawks,None,None,None,None,Right,Right,05-13-2020
9202,Jim Paxson,Dayton, ,Premium,Spotlight Sim,Portland Trail Blazers,98,99,98,SG,PG,6'6",200,P&R Ball Handler,Guard Post Up,Isolation,None,Hot,Hot,Hot,Hot,Hot,Hot,Hot,Hot,Neutral,Hot,Hot,Neutral,Neutral,Hot,96,95,88,60,95,98,92,70,80,93,82,78,80,98,91,91,92,80,97,98,85,91,90,92,94,92,80,91,90,92,92,89,60,90,60,70,25,98,70,95,86,89,49,30,86,92,91,93,98,96,46,59,20,56,23,59,75,20,42,42,24,59,20,39,4,3,3,5,10,65,57,89,17,63,75,67,0,86,86,86,62,77,65,60,50,35,50,10,77,34,77,74,56,66,0,0,5,8,15,2,60,35,25,40,30,40,50,15,40,50,20,20,20,50,40,15,18,74,75,85,78,53,75,20,20,24,20,HOF,None,HOF,HOF,Gold,None,None,HOF,None,Gold,None,None,HOF,None,HOF,None,HOF,Gold,HOF,None,Gold,None,None,HOF,HOF,HOF,HOF,HOF,Gold,None,Gold,HOF,Gold,None,None,Gold,Gold,Gold,Gold,Gold,HOF,HOF,None,Gold,HOF,HOF,HOF,HOF,HOF,Gold,HOF,Gold,Gold,HOF,HOF,None,None,Gold,HOF,Gold,Gold,HOF,Gold,Gold,None,Gold,HOF,HOF,Gold,None,None,None,HOF,HOF,None,None,None,None,None,None,None,None,None,None,None,None,None,None,Jump Shot 10,Release 68,Normal,Free Throw 25,Normal,Normal 6,Normal 6,Shifty,Pro 5,Pro 4,Pro 2,Pro 4,Pro 4,Normal 5,Fade 4,Hook 2,Post Hop Shot 10,Shimmy Fade 1,Shimmy Hook 2,Small,Long Athlete,Athletic Front Tomahawks,Athletic One handers off two,Basic One handers off two,Under Basket Athletic Flushes,Athletic One handers off one,Rim Grazers off one,Reverses off two,None,None,None,None,None,None,None,None,Right,Right,05-13-2020
9203,Corliss Williamson,Arkansas, ,Premium,Spotlight Sim,Sacramento Kings,95,87,99,PF,SF,6'7",245,P&R Roll Man,Mid Range,None,None,Hot,Hot,Hot,Hot,Hot,Hot,Hot,Hot,Hot,Hot,Neutral,Neutral,Neutral,Hot,92,88,81,25,84,85,95,90,95,80,72,56,60,80,94,94,90,92,98,90,80,90,86,84,66,65,94,94,95,95,95,95,94,95,70,74,25,95,90,95,95,15,10,23,55,35,60,65,40,73,35,45,4,3,6,10,30,30,0,25,15,30,10,0,0,5,0,0,0,17,5,10,90,10,20,40,60,78,75,75,62,15,25,5,0,0,0,0,0,35,35,35,40,99,0,0,0,0,0,99,5,0,10,5,0,35,0,0,5,5,8,5,10,20,0,0,3,30,10,5,62,43,68,76,32,46,31,HOF,HOF,HOF,HOF,Gold,None,None,HOF,HOF,HOF,None,None,HOF,Gold,HOF,None,Gold,None,Gold,None,Gold,None,None,HOF,HOF,HOF,HOF,HOF,None,HOF,None,HOF,None,None,None,None,None,None,Gold,None,Gold,HOF,None,None,Gold,Gold,None,None,None,Gold,HOF,Gold,None,HOF,HOF,None,HOF,HOF,HOF,Gold,Gold,Gold,HOF,Gold,HOF,Gold,HOF,Gold,HOF,HOF,None,HOF,HOF,HOF,None,None,None,None,None,None,None,None,None,None,None,None,None,Yes,Jump Shot 32,Release 27,Normal,Rick Fox,Normal,Normal,Normal 4,Slasher,Pro 4,Pro 3,Pro 1,Pro 3,Pro 3,Normal 5,Fade 3,Hook 1,Post Hop Shot 8,Shimmy Fade 1,Shimmy Hook 2,Small,Default Swing,Straight Arm Tomahawks,Back Scratchers off two,Side Clutches off Two,Reverses off two,Athletic Front Tomahawks,Leaning Windmills,Side Arm Tomahawks,Athletic One handers off one,Athletic Side Tomahawks,Side Clutches off One,Front Clutches off two,Uber Athletic Tomahawks off one,Cоck Back Tomahawks,Windmills off one,Front Windmills,Right,Right,05-13-2020
9204,J.J. Barea,Northeastern, ,Premium,Spotlight Sim,Dallas Mavericks,92,98,91,PG,SG,6'0",185,P&R Point,3 PT,None,None,Hot,Hot,Hot,Hot,Hot,Hot,Hot,Hot,Neutral,Neutral,Hot,Hot,Hot,Hot,92,95,94,50,92,95,94,25,25,88,25,25,30,79,98,98,95,68,98,95,77,98,90,92,84,92,25,80,80,96,80,80,32,80,41,50,25,92,0,0,0,25,0,35,60,60,45,30,90,31,30,45,17,25,58,10,55,55,70,99,40,36,36,30,0,0,12,15,5,15,95,95,0,65,15,20,20,65,60,60,75,35,35,55,15,25,15,30,15,90,45,75,80,55,0,10,10,20,30,75,0,0,0,0,0,0,0,7,88,54,0,20,0,0,0,0,0,65,25,95,45,20,25,70,5,40,40,HOF,None,HOF,HOF,None,None,None,HOF,None,HOF,None,None,HOF,None,HOF,None,HOF,HOF,HOF,None,Gold,None,None,Gold,HOF,HOF,None,HOF,None,None,None,HOF,HOF,None,None,HOF,HOF,HOF,HOF,Gold,HOF,HOF,None,None,HOF,HOF,Gold,HOF,Gold,None,HOF,HOF,HOF,HOF,HOF,None,None,None,HOF,None,None,Gold,None,HOF,None,None,HOF,Gold,None,None,None,None,HOF,HOF,None,None,None,None,None,None,None,None,None,None,None,None,None,Yes,Jump Shot 14,Release 6,Normal,Free Throw 1,Normal,Normal,Normal 7,Quick,Pro 6,Pro 4,Pro 2,Pro 4,Pro 4,Normal 1,Fade 1,Hook 1,Post Hop Shot 10,Shimmy Fade 9,Shimmy Hook 2,Small,Circus,None,None,None,None,None,None,None,None,None,None,None,None,None,None,None,Right,Right,05-13-2020
9150,Mel Daniels,New Mexico, ,Rewards,Galaxy Opal Rewards,Indiana Pacers,99,99,99,PF,C,6'9",220,P&R Roll Man,Post Up Low,Post Up High,Cutter,Hot,Hot,Hot,Hot,Hot,Hot,Hot,Hot,Hot,Hot,Neutral,Neutral,Neutral,Hot,98,91,83,98,85,98,94,95,95,93,95,98,97,98,94,94,97,97,98,98,59,93,86,85,52,85,95,90,95,91,95,87,95,98,98,98,25,99,100,100,100,95,50,50,50,50,50,50,50,50,70,50,21,58,21,50,0,50,15,20,50,15,50,0,0,50,0,50,50,50,55,0,75,0,50,50,50,55,55,55,50,0,0,0,0,0,0,0,0,75,50,50,50,50,0,0,3,5,10,99,50,0,0,0,0,50,0,0,35,0,0,0,0,0,0,0,0,50,50,50,50,50,50,50,50,50,50,HOF,HOF,HOF,HOF,Gold,HOF,HOF,HOF,HOF,HOF,HOF,HOF,HOF,HOF,HOF,HOF,HOF,None,HOF,None,None,None,HOF,Gold,HOF,HOF,Gold,Gold,None,HOF,None,HOF,Gold,None,None,None,None,None,Gold,Gold,Gold,HOF,None,None,Gold,Gold,None,None,None,HOF,HOF,None,None,Gold,Gold,HOF,HOF,Gold,HOF,HOF,HOF,HOF,HOF,Gold,HOF,Gold,Gold,Gold,HOF,HOF,HOF,HOF,HOF,HOF,HOF,Yes,None,None,None,None,None,None,Yes,None,None,None,None,None,Jump Shot 81,Lamarcus Aldridge,Big,Free Throw 1,Normal 4,Normal 5,Normal,Power,Pro 2,Pro 1,Pro 5,Pro 1,Pro 1,Normal 5,Fade 7,Hook 3,Post Hop Shot 8,Shimmy Fade 15,Shimmy Hook 2,Small,Dominant Big,Uber Athletic Tomahawks off one,Athletic One handers off one,Straight Arm Tomahawks,Athletic One handers off two,Athletic Front Tomahawks,Athletic 360s,Back Scratching Rim Hangs,Basic Hangs off two,Cоck Back Tomahawks,Athletic Hangs Off two,Side Clutches off Two,Uber Athletic Tomahawks off two,Athletic Side Tomahawks,Windmills off one,Under Basket Athletic Flushes,Right,Right,05-13-2020
9151,Rudy Larusso,Dartmouth, ,Rewards,Galaxt Opal Rewards,Los Angeles Lakers,99,99,99,SF,SG,6'8",220,Mid Range,Guard Post Up,3 PT,None,Hot,Hot,Hot,Hot,Hot,Hot,Neutral,Hot,Hot,Hot,Hot,Neutral,Hot,Hot,95,89,89,95,88,95,93,85,85,92,92,92,92,95,90,90,90,94,98,98,90,86,86,84,74,85,94,91,95,96,97,92,90,95,90,91,25,99,85,95,95,25,66,21,55,75,69,64,72,67,44,75,22,42,36,0,24,33,0,0,0,27,0,15,0,20,0,0,4,65,55,0,75,0,25,20,68,21,21,21,75,0,0,0,0,0,0,0,0,75,39,55,45,10,0,0,0,0,0,99,35,0,0,33,0,75,9,38,0,0,1,0,0,0,0,50,50,58,0,0,54,20,53,33,33,43,44,HOF,Gold,HOF,HOF,HOF,Gold,None,HOF,HOF,Gold,Gold,None,HOF,Gold,HOF,None,Gold,None,HOF,None,Gold,None,Gold,Gold,HOF,HOF,HOF,HOF,HOF,HOF,None,HOF,HOF,None,None,HOF,HOF,Gold,HOF,HOF,Gold,HOF,Gold,None,Gold,HOF,None,Gold,Gold,HOF,HOF,Gold,Gold,HOF,HOF,Gold,Gold,HOF,HOF,Gold,HOF,HOF,HOF,Gold,Gold,HOF,HOF,HOF,HOF,HOF,HOF,Gold,HOF,HOF,None,None,None,None,None,None,None,None,None,None,None,None,None,None,Jump Shot 21,Release 14,Normal,Free Throw 26,Normal 4,Big,Big,Slasher,Normal 1,Pro 1,Pro 1,Pro 1,Pro 1,Normal 5,Fade 8,Hook 2,Post Hop Shot 6,Shimmy Fade 2,Shimmy Hook 2,Big,Default Swing,Athletic Front Tomahawks,Athletic One handers off one,Athletic One handers off two,Athletic Side Tomahawks,Cоck Back Tomahawks,Uber Athletic Tomahawks off one,Under Basket Athletic Flushes,None,None,None,None,None,None,None,None,Right,Right,05-13-2020
